sample_id,tier,source,approach,arm,pose,utensil,ok,pred_mass_g,pred_volume_cm3,gt_mass_g,gt_volume_cm3,density_used,density_assumed,ref_tilt_deg,confidence,scale_source,scale_factor,n_items,latency_s,error
apple_00,simplefood45,simplefood45,monocular-geometric,checkerboard,,,True,230.18,298.16,186.0,240.93,0.772,False,35.6,low,checkerboard,0.2925,1,9.4,
apple_00,simplefood45,simplefood45,monocular-geometric,sizeprior_notext,,,True,927.87,1201.91,186.0,240.93,0.772,False,35.6,low,size_prior,0.4653,1,15.6,
apple_00,simplefood45,simplefood45,deep-learning,none,,,True,108.28,140.26,186.0,240.93,0.772,False,35.6,,,,0,7.6,
apple_00,simplefood45,simplefood45,multi-view,checkerboard,,,True,165.76,214.71,186.0,240.93,0.772,False,35.6,,checkerboard,,0,14.8,
apple_00,simplefood45,simplefood45,multi-view,sizeprior_notext,,,True,200.0,259.07,186.0,240.93,0.772,False,35.6,,size_prior,,0,13.6,
apple_01,simplefood45,simplefood45,monocular-geometric,checkerboard,,,True,212.93,275.82,188.0,243.52,0.772,False,32.6,low,checkerboard,0.2639,1,5.4,
apple_01,simplefood45,simplefood45,monocular-geometric,sizeprior_notext,,,True,697.59,903.62,188.0,243.52,0.772,False,32.6,low,size_prior,0.3918,1,6.0,
apple_01,simplefood45,simplefood45,deep-learning,none,,,True,116.96,151.5,188.0,243.52,0.772,False,32.6,,,,0,2.4,
apple_01,simplefood45,simplefood45,multi-view,checkerboard,,,True,167.9,217.49,188.0,243.52,0.772,False,32.6,,checkerboard,,0,12.6,
apple_01,simplefood45,simplefood45,multi-view,sizeprior_notext,,,True,374.23,484.75,188.0,243.52,0.772,False,32.6,,size_prior,,0,12.9,
apple_02,simplefood45,simplefood45,monocular-geometric,checkerboard,,,True,216.79,280.82,190.0,246.11,0.772,False,29.2,medium,checkerboard,0.2737,1,5.7,
apple_02,simplefood45,simplefood45,monocular-geometric,sizeprior_notext,,,True,707.51,916.47,190.0,246.11,0.772,False,29.2,medium,size_prior,0.4057,1,5.6,
apple_02,simplefood45,simplefood45,deep-learning,none,,,True,114.71,148.59,190.0,246.11,0.772,False,29.2,,,,0,2.3,
apple_02,simplefood45,simplefood45,multi-view,checkerboard,,,True,147.16,190.62,190.0,246.11,0.772,False,29.2,,checkerboard,,0,11.6,
apple_02,simplefood45,simplefood45,multi-view,sizeprior_notext,,,True,401.16,519.64,190.0,246.11,0.772,False,29.2,,size_prior,,0,12.4,
apple_03,simplefood45,simplefood45,monocular-geometric,checkerboard,,,True,229.44,297.2,196.0,253.88,0.772,False,36.4,low,checkerboard,0.3065,1,5.9,
apple_03,simplefood45,simplefood45,monocular-geometric,sizeprior_notext,,,True,819.98,1062.15,196.0,253.88,0.772,False,36.4,low,size_prior,0.4684,1,5.8,
apple_03,simplefood45,simplefood45,deep-learning,none,,,True,111.45,144.37,196.0,253.88,0.772,False,36.4,,,,0,2.4,
apple_03,simplefood45,simplefood45,multi-view,checkerboard,,,True,164.94,213.65,196.0,253.88,0.772,False,36.4,,checkerboard,,0,11.9,
apple_03,simplefood45,simplefood45,multi-view,sizeprior_notext,,,True,343.43,444.86,196.0,253.88,0.772,False,36.4,,size_prior,,0,12.0,
avocado_00,simplefood45,simplefood45,monocular-geometric,checkerboard,,,True,227.88,235.9,190.0,196.69,0.966,False,30.8,medium,checkerboard,0.2599,1,5.7,
avocado_00,simplefood45,simplefood45,monocular-geometric,sizeprior_notext,,,True,794.67,822.64,190.0,196.69,0.966,False,30.8,medium,size_prior,0.3977,1,5.5,
avocado_00,simplefood45,simplefood45,deep-learning,none,,,True,130.2,134.78,190.0,196.69,0.966,False,30.8,,,,0,2.3,
avocado_00,simplefood45,simplefood45,multi-view,checkerboard,,,True,179.56,185.88,190.0,196.69,0.966,False,30.8,,checkerboard,,0,11.2,
avocado_00,simplefood45,simplefood45,multi-view,sizeprior_notext,,,True,455.25,471.27,190.0,196.69,0.966,False,30.8,,size_prior,,0,11.4,
avocado_01,simplefood45,simplefood45,monocular-geometric,checkerboard,,,True,269.45,278.18,208.0,214.74,0.969,False,31.9,low,checkerboard,0.2462,1,5.6,
avocado_01,simplefood45,simplefood45,monocular-geometric,sizeprior_notext,,,True,738.72,762.67,208.0,214.74,0.969,False,31.9,low,size_prior,0.3444,1,5.5,
avocado_01,simplefood45,simplefood45,deep-learning,none,,,True,147.04,151.81,208.0,214.74,0.969,False,31.9,,,,0,2.3,
avocado_01,simplefood45,simplefood45,multi-view,checkerboard,,,True,189.14,195.27,208.0,214.74,0.969,False,31.9,,checkerboard,,0,11.1,
avocado_01,simplefood45,simplefood45,multi-view,sizeprior_notext,,,True,295.03,304.59,208.0,214.74,0.969,False,31.9,,size_prior,,0,12.0,
avocado_02,simplefood45,simplefood45,monocular-geometric,checkerboard,,,True,247.93,256.66,216.0,223.6,0.966,False,36.1,low,checkerboard,0.2471,1,5.5,
avocado_02,simplefood45,simplefood45,monocular-geometric,sizeprior_notext,,,True,824.98,854.02,216.0,223.6,0.966,False,36.1,low,size_prior,0.3686,1,5.7,
avocado_02,simplefood45,simplefood45,deep-learning,none,,,True,126.44,130.89,216.0,223.6,0.966,False,36.1,,,,0,2.4,
avocado_02,simplefood45,simplefood45,multi-view,checkerboard,,,True,200.52,207.58,216.0,223.6,0.966,False,36.1,,checkerboard,,0,11.5,
avocado_02,simplefood45,simplefood45,multi-view,sizeprior_notext,,,True,129.89,134.46,216.0,223.6,0.966,False,36.1,,size_prior,,0,12.2,
avocado_03,simplefood45,simplefood45,monocular-geometric,checkerboard,,,True,332.75,344.46,243.0,251.55,0.966,False,33.0,low,checkerboard,0.2655,1,5.5,
avocado_03,simplefood45,simplefood45,monocular-geometric,sizeprior_notext,,,True,619.11,640.9,243.0,251.55,0.966,False,33.0,low,size_prior,0.3265,1,5.6,
avocado_03,simplefood45,simplefood45,deep-learning,none,,,True,155.53,161.0,243.0,251.55,0.966,False,33.0,,,,0,2.2,
avocado_03,simplefood45,simplefood45,multi-view,checkerboard,,,True,231.28,239.42,243.0,251.55,0.966,False,33.0,,checkerboard,,0,11.5,
avocado_03,simplefood45,simplefood45,multi-view,sizeprior_notext,,,True,312.72,323.73,243.0,251.55,0.966,False,33.0,,size_prior,,0,11.9,
bagel_00,simplefood45,simplefood45,monocular-geometric,checkerboard,,,True,133.93,412.72,100.0,308.19,0.325,False,23.0,high,checkerboard,0.3044,1,5.5,
bagel_00,simplefood45,simplefood45,monocular-geometric,sizeprior_notext,,,True,284.76,877.53,100.0,308.19,0.325,False,23.0,high,size_prior,0.3914,1,5.7,
bagel_00,simplefood45,simplefood45,deep-learning,none,,,True,101.41,312.51,100.0,308.19,0.325,False,23.0,,,,0,2.3,
bagel_00,simplefood45,simplefood45,multi-view,checkerboard,,,True,90.33,278.36,100.0,308.19,0.325,False,23.0,,checkerboard,,0,11.5,
bagel_00,simplefood45,simplefood45,multi-view,sizeprior_notext,,,True,172.59,531.87,100.0,308.19,0.325,False,23.0,,size_prior,,0,11.8,
bagel_01,simplefood45,simplefood45,monocular-geometric,checkerboard,,,True,111.26,339.94,92.0,281.09,0.327,False,26.5,low,checkerboard,0.3112,1,5.6,
bagel_01,simplefood45,simplefood45,monocular-geometric,sizeprior_notext,,,True,374.3,1143.59,92.0,281.09,0.327,False,26.5,low,size_prior,0.4659,1,5.8,
bagel_01,simplefood45,simplefood45,deep-learning,none,,,True,95.98,293.25,92.0,281.09,0.327,False,26.5,,,,0,2.4,
bagel_01,simplefood45,simplefood45,multi-view,checkerboard,,,True,69.04,210.93,92.0,281.09,0.327,False,26.5,,checkerboard,,0,10.7,
bagel_01,simplefood45,simplefood45,multi-view,sizeprior_notext,,,True,117.58,359.25,92.0,281.09,0.327,False,26.5,,size_prior,,0,11.1,
bagel_02,simplefood45,simplefood45,monocular-geometric,checkerboard,,,True,130.98,401.65,93.0,285.18,0.326,False,28.7,low,checkerboard,0.3104,1,5.6,
bagel_02,simplefood45,simplefood45,monocular-geometric,sizeprior_notext,,,True,301.47,924.46,93.0,285.18,0.326,False,28.7,low,size_prior,0.4111,1,5.7,
bagel_02,simplefood45,simplefood45,deep-learning,none,,,True,83.41,255.78,93.0,285.18,0.326,False,28.7,,,,0,2.3,
bagel_02,simplefood45,simplefood45,multi-view,checkerboard,,,True,81.53,250.0,93.0,285.18,0.326,False,28.7,,checkerboard,,0,11.9,
bagel_02,simplefood45,simplefood45,multi-view,sizeprior_notext,,,True,220.44,675.99,93.0,285.18,0.326,False,28.7,,size_prior,,0,12.5,
bagel_03,simplefood45,simplefood45,monocular-geometric,checkerboard,,,True,121.18,369.68,98.0,298.98,0.328,False,26.4,medium,checkerboard,0.2396,1,5.4,
bagel_03,simplefood45,simplefood45,monocular-geometric,sizeprior_notext,,,True,248.72,758.77,98.0,298.98,0.328,False,26.4,medium,size_prior,0.3045,1,5.8,
bagel_03,simplefood45,simplefood45,deep-learning,none,,,True,96.19,293.44,98.0,298.98,0.328,False,26.4,,,,0,2.7,
bagel_03,simplefood45,simplefood45,multi-view,checkerboard,,,True,89.22,272.17,98.0,298.98,0.328,False,26.4,,checkerboard,,0,11.1,
bagel_03,simplefood45,simplefood45,multi-view,sizeprior_notext,,,True,95.25,290.57,98.0,298.98,0.328,False,26.4,,size_prior,,0,12.0,
biscuit_00,simplefood45,simplefood45,monocular-geometric,checkerboard,,,True,69.95,174.65,45.0,112.36,0.401,False,30.2,medium,checkerboard,0.2204,1,6.1,
biscuit_00,simplefood45,simplefood45,monocular-geometric,sizeprior_notext,,,True,267.56,668.06,45.0,112.36,0.401,False,30.2,medium,size_prior,0.3447,1,5.6,
biscuit_00,simplefood45,simplefood45,deep-learning,none,,,True,116.78,291.59,45.0,112.36,0.401,False,30.2,,,,0,2.3,
biscuit_00,simplefood45,simplefood45,multi-view,checkerboard,,,True,43.52,108.67,45.0,112.36,0.401,False,30.2,,checkerboard,,0,11.8,
biscuit_00,simplefood45,simplefood45,multi-view,sizeprior_notext,,,True,126.86,316.76,45.0,112.36,0.401,False,30.2,,size_prior,,0,11.8,
biscuit_01,simplefood45,simplefood45,monocular-geometric,checkerboard,,,True,51.38,128.3,45.0,112.36,0.401,False,33.6,medium,checkerboard,0.2006,1,6.0,
biscuit_01,simplefood45,simplefood45,monocular-geometric,sizeprior_notext,,,True,422.46,1054.82,45.0,112.36,0.401,False,33.6,medium,size_prior,0.4045,1,5.8,
biscuit_01,simplefood45,simplefood45,deep-learning,none,,,True,121.43,303.2,45.0,112.36,0.401,False,33.6,,,,0,2.4,
biscuit_01,simplefood45,simplefood45,multi-view,checkerboard,,,True,41.85,104.5,45.0,112.36,0.401,False,33.6,,checkerboard,,0,12.5,
biscuit_01,simplefood45,simplefood45,multi-view,sizeprior_notext,,,True,155.94,389.36,45.0,112.36,0.401,False,33.6,,size_prior,,0,12.3,
biscuit_02,simplefood45,simplefood45,monocular-geometric,checkerboard,,,True,63.29,158.03,46.0,114.86,0.401,False,42.0,low,checkerboard,0.2333,1,5.5,
biscuit_02,simplefood45,simplefood45,monocular-geometric,sizeprior_notext,,,True,244.39,610.21,46.0,114.86,0.401,False,42.0,low,size_prior,0.3654,1,5.9,
biscuit_02,simplefood45,simplefood45,deep-learning,none,,,True,108.91,271.94,46.0,114.86,0.401,False,42.0,,,,0,2.4,
biscuit_02,simplefood45,simplefood45,multi-view,checkerboard,,,True,47.97,119.78,46.0,114.86,0.401,False,42.0,,checkerboard,,0,11.9,
biscuit_02,simplefood45,simplefood45,multi-view,sizeprior_notext,,,True,271.11,676.92,46.0,114.86,0.401,False,42.0,,size_prior,,0,11.7,
blueberry_muffin_00,simplefood45,simplefood45,monocular-geometric,checkerboard,,,True,128.27,288.11,100.0,224.6,0.445,False,42.5,low,checkerboard,0.2753,1,5.6,
blueberry_muffin_00,simplefood45,simplefood45,monocular-geometric,sizeprior_notext,,,True,667.03,1498.26,100.0,224.6,0.445,False,42.5,low,size_prior,0.4769,1,5.8,
blueberry_muffin_00,simplefood45,simplefood45,deep-learning,none,,,True,137.77,309.46,100.0,224.6,0.445,False,42.5,,,,0,2.3,
blueberry_muffin_00,simplefood45,simplefood45,multi-view,checkerboard,,,True,88.45,198.68,100.0,224.6,0.445,False,42.5,,checkerboard,,0,12.1,
blueberry_muffin_00,simplefood45,simplefood45,multi-view,sizeprior_notext,,,True,379.14,851.62,100.0,224.6,0.445,False,42.5,,size_prior,,0,12.1,
blueberry_muffin_01,simplefood45,simplefood45,monocular-geometric,checkerboard,,,True,135.97,316.43,100.0,232.74,0.43,False,42.9,low,checkerboard,0.2833,1,5.6,
blueberry_muffin_01,simplefood45,simplefood45,monocular-geometric,sizeprior_notext,,,True,732.11,1703.77,100.0,232.74,0.43,False,42.9,low,size_prior,0.4963,1,5.7,
blueberry_muffin_01,simplefood45,simplefood45,deep-learning,none,,,True,117.15,272.63,100.0,232.74,0.43,False,42.9,,,,0,2.3,
blueberry_muffin_01,simplefood45,simplefood45,multi-view,checkerboard,,,True,85.03,197.89,100.0,232.74,0.43,False,42.9,,checkerboard,,0,11.9,
blueberry_muffin_01,simplefood45,simplefood45,multi-view,sizeprior_notext,,,True,339.81,790.8,100.0,232.74,0.43,False,42.9,,size_prior,,0,12.0,
blueberry_muffin_02,simplefood45,simplefood45,monocular-geometric,checkerboard,,,True,143.09,318.04,102.0,226.71,0.45,False,44.5,low,checkerboard,0.2851,1,5.4,
blueberry_muffin_02,simplefood45,simplefood45,monocular-geometric,sizeprior_notext,,,True,573.76,1275.31,102.0,226.71,0.45,False,44.5,low,size_prior,0.4531,1,5.5,
blueberry_muffin_02,simplefood45,simplefood45,deep-learning,none,,,True,118.22,262.77,102.0,226.71,0.45,False,44.5,,,,0,2.3,
blueberry_muffin_02,simplefood45,simplefood45,multi-view,checkerboard,,,True,80.48,178.88,102.0,226.71,0.45,False,44.5,,checkerboard,,0,11.3,
blueberry_muffin_02,simplefood45,simplefood45,multi-view,sizeprior_notext,,,True,328.49,730.13,102.0,226.71,0.45,False,44.5,,size_prior,,0,11.6,
blueberry_muffin_03,simplefood45,simplefood45,monocular-geometric,checkerboard,,,True,115.33,257.04,98.0,218.39,0.449,False,52.0,low,checkerboard,0.2809,1,5.6,
blueberry_muffin_03,simplefood45,simplefood45,monocular-geometric,sizeprior_notext,,,True,788.56,1757.44,98.0,218.39,0.449,False,52.0,low,size_prior,0.533,1,5.9,
blueberry_muffin_03,simplefood45,simplefood45,deep-learning,none,,,True,132.12,294.45,98.0,218.39,0.449,False,52.0,,,,0,2.4,
blueberry_muffin_03,simplefood45,simplefood45,multi-view,checkerboard,,,True,40.53,90.33,98.0,218.39,0.449,False,52.0,,checkerboard,,0,12.3,
blueberry_muffin_03,simplefood45,simplefood45,multi-view,sizeprior_notext,,,True,391.38,872.26,98.0,218.39,0.449,False,52.0,,size_prior,,0,12.5,
broccoli_00,simplefood45,simplefood45,monocular-geometric,checkerboard,,,True,2128.91,3858.11,13.0,23.56,0.552,False,,low,none,,1,6.2,
broccoli_00,simplefood45,simplefood45,monocular-geometric,sizeprior_notext,,,True,452.98,820.91,13.0,23.56,0.552,False,,medium,size_prior,0.5896,1,5.6,
broccoli_00,simplefood45,simplefood45,deep-learning,none,,,True,119.31,216.22,13.0,23.56,0.552,False,,,,,0,2.3,
broccoli_00,simplefood45,simplefood45,multi-view,checkerboard,,,True,14.66,26.56,13.0,23.56,0.552,False,,,checkerboard,,0,9.4,
broccoli_00,simplefood45,simplefood45,multi-view,sizeprior_notext,,,True,295.21,535.0,13.0,23.56,0.552,False,,,size_prior,,0,9.8,
broccoli_01,simplefood45,simplefood45,monocular-geometric,checkerboard,,,True,28.61,51.85,17.0,30.81,0.552,False,34.6,medium,checkerboard,0.1896,1,5.4,
broccoli_01,simplefood45,simplefood45,monocular-geometric,sizeprior_notext,,,True,379.25,687.29,17.0,30.81,0.552,False,34.6,medium,size_prior,0.4472,1,5.5,
broccoli_01,simplefood45,simplefood45,deep-learning,none,,,True,82.78,150.02,17.0,30.81,0.552,False,34.6,,,,0,2.3,
broccoli_01,simplefood45,simplefood45,multi-view,checkerboard,,,True,22.08,40.02,17.0,30.81,0.552,False,34.6,,checkerboard,,0,9.1,
broccoli_01,simplefood45,simplefood45,multi-view,sizeprior_notext,,,True,271.48,491.99,17.0,30.81,0.552,False,34.6,,size_prior,,0,9.7,
broccoli_02,simplefood45,simplefood45,monocular-geometric,checkerboard,,,True,29.59,53.62,18.0,32.62,0.552,False,27.5,low,checkerboard,0.1988,1,5.4,
broccoli_02,simplefood45,simplefood45,monocular-geometric,sizeprior_notext,,,True,545.39,988.39,18.0,32.62,0.552,False,27.5,medium,size_prior,0.5217,1,5.5,
broccoli_02,simplefood45,simplefood45,deep-learning,none,,,True,74.74,135.45,18.0,32.62,0.552,False,27.5,,,,0,2.3,
broccoli_02,simplefood45,simplefood45,multi-view,checkerboard,,,True,25.8,46.75,18.0,32.62,0.552,False,27.5,,checkerboard,,0,9.1,
broccoli_02,simplefood45,simplefood45,multi-view,sizeprior_notext,,,True,317.53,575.45,18.0,32.62,0.552,False,27.5,,size_prior,,0,9.7,
broccoli_03,simplefood45,simplefood45,monocular-geometric,checkerboard,,,True,37.88,68.65,26.0,47.12,0.552,False,28.4,high,checkerboard,0.2396,1,5.3,
broccoli_03,simplefood45,simplefood45,monocular-geometric,sizeprior_notext,,,True,523.72,949.12,26.0,47.12,0.552,False,28.4,high,size_prior,0.573,1,5.5,
broccoli_03,simplefood45,simplefood45,deep-learning,none,,,True,117.46,212.87,26.0,47.12,0.552,False,28.4,,,,0,2.3,
broccoli_03,simplefood45,simplefood45,multi-view,checkerboard,,,True,36.87,66.82,26.0,47.12,0.552,False,28.4,,checkerboard,,0,9.3,
broccoli_03,simplefood45,simplefood45,multi-view,sizeprior_notext,,,True,302.7,548.57,26.0,47.12,0.552,False,28.4,,size_prior,,0,10.0,
chicken_nugget_00,simplefood45,simplefood45,monocular-geometric,checkerboard,,,True,18.83,28.28,14.0,21.02,0.666,False,23.9,high,checkerboard,0.1863,1,5.4,
chicken_nugget_00,simplefood45,simplefood45,monocular-geometric,sizeprior_notext,,,True,92.45,138.82,14.0,21.02,0.666,False,23.9,high,size_prior,0.3157,1,5.6,
chicken_nugget_00,simplefood45,simplefood45,deep-learning,none,,,True,143.95,216.14,14.0,21.02,0.666,False,23.9,,,,0,2.3,
chicken_nugget_00,simplefood45,simplefood45,multi-view,checkerboard,,,True,19.67,29.53,14.0,21.02,0.666,False,23.9,,checkerboard,,0,9.6,
chicken_nugget_00,simplefood45,simplefood45,multi-view,sizeprior_notext,,,True,96.81,145.36,14.0,21.02,0.666,False,23.9,,size_prior,,0,10.2,
chicken_nugget_01,simplefood45,simplefood45,monocular-geometric,checkerboard,,,True,23.2,34.83,15.0,22.52,0.666,False,30.0,medium,checkerboard,0.1762,1,5.6,
chicken_nugget_01,simplefood45,simplefood45,monocular-geometric,sizeprior_notext,,,True,123.95,186.09,15.0,22.52,0.666,False,30.0,medium,size_prior,0.3071,1,6.0,
chicken_nugget_01,simplefood45,simplefood45,deep-learning,none,,,True,114.85,172.42,15.0,22.52,0.666,False,30.0,,,,0,2.6,
chicken_nugget_01,simplefood45,simplefood45,multi-view,checkerboard,,,True,18.22,27.36,15.0,22.52,0.666,False,30.0,,checkerboard,,0,9.3,
chicken_nugget_01,simplefood45,simplefood45,multi-view,sizeprior_notext,,,True,109.33,164.13,15.0,22.52,0.666,False,30.0,,size_prior,,0,10.5,
chicken_nugget_02,simplefood45,simplefood45,monocular-geometric,checkerboard,,,True,22.12,33.21,15.0,22.52,0.666,False,22.7,high,checkerboard,0.2031,1,5.6,
chicken_nugget_02,simplefood45,simplefood45,monocular-geometric,sizeprior_notext,,,True,79.61,119.51,15.0,22.52,0.666,False,22.7,high,size_prior,0.3108,1,5.7,
chicken_nugget_02,simplefood45,simplefood45,deep-learning,none,,,True,134.33,201.67,15.0,22.52,0.666,False,22.7,,,,0,2.4,
chicken_nugget_02,simplefood45,simplefood45,multi-view,checkerboard,,,True,17.96,26.97,15.0,22.52,0.666,False,22.7,,checkerboard,,0,9.4,
chicken_nugget_02,simplefood45,simplefood45,multi-view,sizeprior_notext,,,True,50.07,75.17,15.0,22.52,0.666,False,22.7,,size_prior,,0,9.7,
chicken_nugget_03,simplefood45,simplefood45,monocular-geometric,checkerboard,,,True,27.28,40.96,15.0,22.52,0.666,False,23.4,high,checkerboard,0.2221,1,5.6,
chicken_nugget_03,simplefood45,simplefood45,monocular-geometric,sizeprior_notext,,,True,256.07,384.43,15.0,22.52,0.666,False,23.4,high,size_prior,0.467,1,5.8,
chicken_nugget_03,simplefood45,simplefood45,deep-learning,none,,,True,109.87,164.95,15.0,22.52,0.666,False,23.4,,,,0,2.4,
chicken_nugget_03,simplefood45,simplefood45,multi-view,checkerboard,,,True,0.0,0.0,15.0,22.52,0.666,False,23.4,,depthpro_bg,,0,11.3,
chicken_nugget_03,simplefood45,simplefood45,multi-view,sizeprior_notext,,,True,166.02,249.24,15.0,22.52,0.666,False,23.4,,size_prior,,0,10.8,
cinnamon_roll_00,simplefood45,simplefood45,monocular-geometric,checkerboard,,,True,74.55,217.74,65.0,189.83,0.342,False,27.3,medium,checkerboard,0.2298,1,5.4,
cinnamon_roll_00,simplefood45,simplefood45,monocular-geometric,sizeprior_notext,,,True,302.03,882.1,65.0,189.83,0.342,False,27.3,medium,size_prior,0.366,1,5.6,
cinnamon_roll_00,simplefood45,simplefood45,deep-learning,none,,,True,71.72,209.46,65.0,189.83,0.342,False,27.3,,,,0,2.3,
cinnamon_roll_00,simplefood45,simplefood45,multi-view,checkerboard,,,True,61.75,180.34,65.0,189.83,0.342,False,27.3,,checkerboard,,0,11.3,
cinnamon_roll_00,simplefood45,simplefood45,multi-view,sizeprior_notext,,,True,178.74,522.02,65.0,189.83,0.342,False,27.3,,size_prior,,0,12.7,
cinnamon_roll_01,simplefood45,simplefood45,monocular-geometric,checkerboard,,,True,91.25,266.51,76.0,221.95,0.342,False,26.8,low,checkerboard,0.2041,1,5.9,
cinnamon_roll_01,simplefood45,simplefood45,monocular-geometric,sizeprior_notext,,,True,531.52,1552.34,76.0,221.95,0.342,False,26.8,low,size_prior,0.3669,1,5.5,
cinnamon_roll_01,simplefood45,simplefood45,deep-learning,none,,,True,81.83,238.99,76.0,221.95,0.342,False,26.8,,,,0,2.3,
cinnamon_roll_01,simplefood45,simplefood45,multi-view,checkerboard,,,True,68.51,200.1,76.0,221.95,0.342,False,26.8,,checkerboard,,0,12.8,
cinnamon_roll_01,simplefood45,simplefood45,multi-view,sizeprior_notext,,,True,250.9,732.78,76.0,221.95,0.342,False,26.8,,size_prior,,0,12.8,
cinnamon_roll_02,simplefood45,simplefood45,monocular-geometric,checkerboard,,,True,109.72,320.45,91.0,265.76,0.342,False,21.2,high,checkerboard,0.2476,1,5.6,
cinnamon_roll_02,simplefood45,simplefood45,monocular-geometric,sizeprior_notext,,,True,588.23,1717.96,91.0,265.76,0.342,False,21.2,high,size_prior,0.433,1,5.6,
cinnamon_roll_02,simplefood45,simplefood45,deep-learning,none,,,True,96.97,283.21,91.0,265.76,0.342,False,21.2,,,,0,2.3,
cinnamon_roll_02,simplefood45,simplefood45,multi-view,checkerboard,,,True,84.22,245.98,91.0,265.76,0.342,False,21.2,,checkerboard,,0,13.5,
cinnamon_roll_02,simplefood45,simplefood45,multi-view,sizeprior_notext,,,True,307.25,897.34,91.0,265.76,0.342,False,21.2,,size_prior,,0,13.5,
cinnamon_roll_03,simplefood45,simplefood45,monocular-geometric,checkerboard,,,True,116.19,339.34,96.0,280.36,0.342,False,27.3,low,checkerboard,0.2297,1,5.7,
cinnamon_roll_03,simplefood45,simplefood45,monocular-geometric,sizeprior_notext,,,True,307.88,899.19,96.0,280.36,0.342,False,27.3,low,size_prior,0.3175,1,5.7,
cinnamon_roll_03,simplefood45,simplefood45,deep-learning,none,,,True,85.65,250.15,96.0,280.36,0.342,False,27.3,,,,0,2.3,
cinnamon_roll_03,simplefood45,simplefood45,multi-view,checkerboard,,,True,84.22,245.96,96.0,280.36,0.342,False,27.3,,checkerboard,,0,14.1,
cinnamon_roll_03,simplefood45,simplefood45,multi-view,sizeprior_notext,,,True,177.74,519.1,96.0,280.36,0.342,False,27.3,,size_prior,,0,14.5,
corn_00,simplefood45,simplefood45,monocular-geometric,checkerboard,,,True,344.57,431.69,210.0,263.1,0.798,False,37.5,low,checkerboard,0.3464,1,5.5,
corn_00,simplefood45,simplefood45,monocular-geometric,sizeprior_notext,,,True,660.38,827.34,210.0,263.1,0.798,False,37.5,low,size_prior,0.4302,1,5.6,
corn_00,simplefood45,simplefood45,deep-learning,none,,,True,108.72,136.21,210.0,263.1,0.798,False,37.5,,,,0,2.3,
corn_00,simplefood45,simplefood45,multi-view,checkerboard,,,True,164.47,206.05,210.0,263.1,0.798,False,37.5,,checkerboard,,0,10.5,
corn_00,simplefood45,simplefood45,multi-view,sizeprior_notext,,,True,223.92,280.53,210.0,263.1,0.798,False,37.5,,size_prior,,0,10.7,
corn_01,simplefood45,simplefood45,monocular-geometric,checkerboard,,,True,340.03,426.0,237.0,296.93,0.798,False,41.2,low,checkerboard,0.3094,1,5.7,
corn_01,simplefood45,simplefood45,monocular-geometric,sizeprior_notext,,,True,862.26,1080.26,237.0,296.93,0.798,False,41.2,low,size_prior,0.4214,1,5.7,
corn_01,simplefood45,simplefood45,deep-learning,none,,,True,105.79,132.54,237.0,296.93,0.798,False,41.2,,,,0,2.4,
corn_01,simplefood45,simplefood45,multi-view,checkerboard,,,True,178.44,223.55,237.0,296.93,0.798,False,41.2,,checkerboard,,0,11.2,
corn_01,simplefood45,simplefood45,multi-view,sizeprior_notext,,,True,367.79,460.78,237.0,296.93,0.798,False,41.2,,size_prior,,0,11.2,
corn_02,simplefood45,simplefood45,monocular-geometric,checkerboard,,,True,287.55,360.25,245.0,306.95,0.798,False,31.6,low,checkerboard,0.3107,1,5.7,
corn_02,simplefood45,simplefood45,monocular-geometric,sizeprior_notext,,,True,929.91,1165.01,245.0,306.95,0.798,False,31.6,low,size_prior,0.4591,1,5.7,
corn_02,simplefood45,simplefood45,deep-learning,none,,,True,103.1,129.17,245.0,306.95,0.798,False,31.6,,,,0,2.4,
corn_02,simplefood45,simplefood45,multi-view,checkerboard,,,True,179.02,224.28,245.0,306.95,0.798,False,31.6,,checkerboard,,0,20.8,
corn_02,simplefood45,simplefood45,multi-view,sizeprior_notext,,,True,386.99,484.83,245.0,306.95,0.798,False,31.6,,size_prior,,0,21.1,
croissant_00,simplefood45,simplefood45,monocular-geometric,checkerboard,,,True,52.57,201.43,41.0,157.06,0.261,False,36.8,low,checkerboard,0.2557,1,5.6,
croissant_00,simplefood45,simplefood45,monocular-geometric,sizeprior_notext,,,True,250.94,961.47,41.0,157.06,0.261,False,36.8,low,size_prior,0.4301,1,5.7,
croissant_00,simplefood45,simplefood45,deep-learning,none,,,True,103.74,397.47,41.0,157.06,0.261,False,36.8,,,,0,2.4,
croissant_00,simplefood45,simplefood45,multi-view,checkerboard,,,True,35.58,136.34,41.0,157.06,0.261,False,36.8,,checkerboard,,0,9.5,
croissant_00,simplefood45,simplefood45,multi-view,sizeprior_notext,,,True,77.6,297.31,41.0,157.06,0.261,False,36.8,,size_prior,,0,10.5,
croissant_01,simplefood45,simplefood45,monocular-geometric,checkerboard,,,True,44.61,187.53,42.0,176.56,0.238,False,30.7,high,checkerboard,0.2979,1,5.8,
croissant_01,simplefood45,simplefood45,monocular-geometric,sizeprior_notext,,,True,302.47,1271.43,42.0,176.56,0.238,False,30.7,high,size_prior,0.5641,1,5.9,
croissant_01,simplefood45,simplefood45,deep-learning,none,,,True,89.66,376.88,42.0,176.56,0.238,False,30.7,,,,0,2.5,
croissant_01,simplefood45,simplefood45,multi-view,checkerboard,,,True,37.76,158.71,42.0,176.56,0.238,False,30.7,,checkerboard,,0,10.8,
croissant_01,simplefood45,simplefood45,multi-view,sizeprior_notext,,,True,208.28,875.48,42.0,176.56,0.238,False,30.7,,size_prior,,0,10.9,
croissant_02,simplefood45,simplefood45,monocular-geometric,checkerboard,,,True,54.56,220.26,45.0,181.7,0.248,False,22.3,medium,checkerboard,0.2565,1,5.5,
croissant_02,simplefood45,simplefood45,monocular-geometric,sizeprior_notext,,,True,327.75,1323.17,45.0,181.7,0.248,False,22.3,medium,size_prior,0.4654,1,5.6,
croissant_02,simplefood45,simplefood45,deep-learning,none,,,True,104.58,422.2,45.0,181.7,0.248,False,22.3,,,,0,2.3,
croissant_02,simplefood45,simplefood45,multi-view,checkerboard,,,True,40.99,165.47,45.0,181.7,0.248,False,22.3,,checkerboard,,0,9.6,
croissant_02,simplefood45,simplefood45,multi-view,sizeprior_notext,,,True,77.23,311.78,45.0,181.7,0.248,False,22.3,,size_prior,,0,10.7,
croissant_03,simplefood45,simplefood45,monocular-geometric,checkerboard,,,True,74.9,277.32,46.0,170.28,0.27,False,27.9,low,checkerboard,0.2401,1,5.9,
croissant_03,simplefood45,simplefood45,monocular-geometric,sizeprior_notext,,,True,400.22,1481.74,46.0,170.28,0.27,False,27.9,low,size_prior,0.4193,1,5.7,
croissant_03,simplefood45,simplefood45,deep-learning,none,,,True,100.55,372.27,46.0,170.28,0.27,False,27.9,,,,0,2.2,
croissant_03,simplefood45,simplefood45,multi-view,checkerboard,,,True,53.74,198.97,46.0,170.28,0.27,False,27.9,,checkerboard,,0,10.7,
croissant_03,simplefood45,simplefood45,multi-view,sizeprior_notext,,,True,227.72,843.09,46.0,170.28,0.27,False,27.9,,size_prior,,0,10.9,
strawberry_00,simplefood45,simplefood45,monocular-geometric,checkerboard,,,True,3207.73,3610.68,16.0,18.01,0.888,False,,low,none,,1,6.2,
strawberry_00,simplefood45,simplefood45,monocular-geometric,sizeprior_notext,,,True,589.44,663.48,16.0,18.01,0.888,False,,medium,size_prior,0.5543,1,5.6,
strawberry_00,simplefood45,simplefood45,deep-learning,none,,,True,130.81,147.24,16.0,18.01,0.888,False,,,,,0,2.4,
strawberry_00,simplefood45,simplefood45,multi-view,checkerboard,,,True,21.44,24.13,16.0,18.01,0.888,False,,,checkerboard,,0,9.2,
strawberry_00,simplefood45,simplefood45,multi-view,sizeprior_notext,,,True,301.44,339.31,16.0,18.01,0.888,False,,,size_prior,,0,9.5,
strawberry_01,simplefood45,simplefood45,monocular-geometric,checkerboard,,,True,25.92,29.18,16.0,18.01,0.888,False,25.3,medium,checkerboard,0.1681,1,5.6,
strawberry_01,simplefood45,simplefood45,monocular-geometric,sizeprior_notext,,,True,696.9,784.44,16.0,18.01,0.888,False,25.3,medium,size_prior,0.5012,1,5.7,
strawberry_01,simplefood45,simplefood45,deep-learning,none,,,True,114.46,128.84,16.0,18.01,0.888,False,25.3,,,,0,2.7,
strawberry_01,simplefood45,simplefood45,multi-view,checkerboard,,,True,23.32,26.25,16.0,18.01,0.888,False,25.3,,checkerboard,,0,9.1,
strawberry_01,simplefood45,simplefood45,multi-view,sizeprior_notext,,,True,445.71,501.7,16.0,18.01,0.888,False,25.3,,size_prior,,0,9.5,
strawberry_02,simplefood45,simplefood45,monocular-geometric,checkerboard,,,True,4264.95,4800.17,18.0,20.26,0.888,False,,low,none,,1,6.4,
strawberry_02,simplefood45,simplefood45,monocular-geometric,sizeprior_notext,,,True,654.16,736.25,18.0,20.26,0.888,False,,medium,size_prior,0.527,1,5.7,
strawberry_02,simplefood45,simplefood45,deep-learning,none,,,True,101.66,114.42,18.0,20.26,0.888,False,,,,,0,3.1,
strawberry_02,simplefood45,simplefood45,multi-view,checkerboard,,,True,0.0,0.0,18.0,20.26,0.888,False,,,depthpro_bg,,0,11.5,
strawberry_02,simplefood45,simplefood45,multi-view,sizeprior_notext,,,True,396.42,446.17,18.0,20.26,0.888,False,,,size_prior,,0,12.4,
strawberry_03,simplefood45,simplefood45,monocular-geometric,checkerboard,,,True,32.18,36.22,23.0,25.89,0.888,False,35.2,low,checkerboard,0.1748,1,6.5,
strawberry_03,simplefood45,simplefood45,monocular-geometric,sizeprior_notext,,,True,686.56,772.81,23.0,25.89,0.888,False,35.2,low,size_prior,0.4819,1,6.0,
strawberry_03,simplefood45,simplefood45,deep-learning,none,,,True,106.74,120.15,23.0,25.89,0.888,False,35.2,,,,0,2.4,
strawberry_03,simplefood45,simplefood45,multi-view,checkerboard,,,True,27.9,31.4,23.0,25.89,0.888,False,35.2,,checkerboard,,0,9.5,
strawberry_03,simplefood45,simplefood45,multi-view,sizeprior_notext,,,True,266.82,300.34,23.0,25.89,0.888,False,35.2,,size_prior,,0,9.6,
