dish_id,footprint_cm,food_coverage_pct
dish_1556573514,11.17,8.4
dish_1556575014,9.64,6.3
dish_1556575083,8.2,4.5
dish_1556575124,8.03,4.2
dish_1556575273,14.42,14.7
dish_1556575327,14.27,14.3
dish_1556575386,12.5,13.1
dish_1556575446,14.32,14.4
dish_1556575499,13.95,14.8
dish_1556575558,12.57,15.3
dish_1556575700,8.4,5.0
dish_1557853154,7.89,3.9
dish_1557853229,11.07,8.2
dish_1557853314,9.72,6.0
dish_1557853429,18.09,20.5
dish_1557861605,6.7,2.6
dish_1557861697,9.27,5.5
dish_1557861795,10.72,7.0
dish_1557862345,9.84,5.8
dish_1557862696,9.89,6.9
dish_1557862738,10.48,7.4
dish_1557862783,17.83,20.1
dish_1557862829,13.35,12.0
dish_1557863012,8.42,4.5
dish_1557863056,8.24,4.3
dish_1557863104,8.3,4.4
dish_1557863170,18.27,20.7
dish_1557936555,11.13,8.3
dish_1557936599,10.35,6.6
dish_1557936645,7.16,3.2
dish_1557937037,8.47,4.7
dish_1557937079,9.49,5.2
dish_1557937157,20.31,27.0
dish_1557937335,6.62,3.1
dish_1557937427,5.88,2.6
dish_1557937615,5.43,2.1
dish_1557937715,6.95,3.2
dish_1557937758,14.2,12.1
dish_1558026623,9.5,5.9
dish_1558026684,8.87,5.7
dish_1558026714,10.0,6.3
dish_1558026756,14.0,16.8
dish_1558027001,8.38,5.8
dish_1558027057,7.84,4.2
dish_1558027164,10.12,6.8
dish_1558027243,13.04,16.6
dish_1558028007,8.42,4.8
dish_1558028057,9.49,6.0
dish_1558028142,8.4,5.8
dish_1558028194,13.18,16.9
dish_1558028492,7.72,5.3
dish_1558028606,7.68,4.8
dish_1558028690,7.77,4.4
dish_1558028772,13.49,14.9
dish_1558029148,9.93,7.8
dish_1558029230,10.18,7.8
dish_1558029278,8.2,5.2
dish_1558029324,14.25,19.7
dish_1558029686,8.98,5.9
dish_1558029842,8.43,5.2
dish_1558029923,14.17,18.5
dish_1558030182,8.8,5.8
dish_1558030289,9.9,7.2
dish_1558030383,9.81,7.0
dish_1558030435,14.72,19.9
dish_1558030724,8.27,5.8
dish_1558030832,9.05,6.0
dish_1558030910,8.1,4.5
dish_1558030971,6.89,3.3
dish_1558031019,14.56,19.3
dish_1558031133,10.12,7.9
dish_1558031237,10.19,7.4
dish_1558031302,8.34,5.1
dish_1558031351,7.35,4.1
dish_1558031394,15.4,24.4
dish_1558031526,8.3,4.9
dish_1558031566,9.4,6.0
dish_1558031628,9.78,7.5
dish_1558032156,8.85,6.2
dish_1558109864,9.45,6.6
dish_1558109907,8.21,4.5
dish_1558109945,6.61,4.3
dish_1558109986,9.34,6.9
dish_1558110245,6.69,3.6
dish_1558110297,6.99,3.6
dish_1558110335,6.46,3.0
dish_1558110385,6.69,3.4
dish_1558110436,8.4,4.9
dish_1558110478,15.13,16.0
dish_1558113154,7.15,3.9
dish_1558113204,8.63,5.1
dish_1558113255,8.59,5.9
dish_1558113304,15.03,15.6
dish_1558113430,12.67,12.7
dish_1558113477,9.58,6.4
dish_1558113941,14.81,18.8
dish_1558114086,6.55,3.9
dish_1558114145,9.01,6.1
dish_1558114209,9.17,6.1
dish_1558114284,14.39,16.1
dish_1558114441,9.05,6.5
dish_1558114484,8.81,5.6
dish_1558114523,5.54,2.6
dish_1558114569,5.8,2.6
dish_1558114609,14.85,17.5
dish_1558114875,6.26,4.0
dish_1558114937,12.4,13.1
dish_1558115011,6.72,3.1
dish_1558115047,14.32,20.0
dish_1558115169,8.89,6.0
dish_1558115241,10.22,6.8
dish_1558115282,6.54,4.0
dish_1558115320,7.76,4.6
dish_1558115364,16.13,19.8
dish_1558115448,9.46,6.6
dish_1558115512,10.5,8.4
dish_1558115601,9.64,6.4
dish_1558115641,15.57,25.6
dish_1558115764,8.98,6.2
dish_1558115825,7.29,4.1
dish_1558115867,6.94,3.8
dish_1558115915,7.45,4.1
dish_1558115960,6.33,3.3
dish_1558116001,15.42,21.0
dish_1558116090,8.8,5.6
dish_1558116146,10.21,7.8
dish_1558116201,9.45,7.1
dish_1558116260,9.53,7.3
dish_1558116298,19.68,29.1
dish_1558116399,9.87,8.5
dish_1558116436,6.67,3.2
dish_1558116486,7.0,4.0
dish_1558116547,6.7,4.0
dish_1558122583,6.74,3.7
dish_1558122740,16.92,23.4
dish_1558372433,6.17,4.1
dish_1558372525,8.89,6.0
dish_1558372650,8.67,5.6
dish_1558372695,6.75,4.4
dish_1558372771,14.46,18.7
dish_1558372948,10.86,8.9
dish_1558373008,7.96,4.9
dish_1558373074,6.45,4.1
dish_1558373159,14.79,21.6
dish_1558373284,9.05,8.2
dish_1558373352,9.61,7.1
dish_1558373405,6.64,3.4
dish_1558373449,9.62,7.5
dish_1558373492,18.75,28.4
dish_1558373639,7.83,5.0
dish_1558373687,8.23,5.9
dish_1558375506,6.4,4.0
dish_1558375583,12.23,15.8
dish_1558375667,10.94,9.4
dish_1558375732,7.47,4.4
dish_1558375833,8.72,6.1
dish_1558375886,17.14,25.5
dish_1558376212,9.07,7.1
dish_1558376306,9.07,7.5
dish_1558376364,7.67,4.8
dish_1558376437,5.95,3.0
dish_1558376483,17.01,25.3
dish_1558376734,7.23,4.1
dish_1558376768,6.42,4.0
dish_1558376801,5.2,2.3
dish_1558376874,9.8,7.2
dish_1558376938,7.98,5.1
dish_1558376984,17.16,24.4
dish_1558377105,10.68,8.3
dish_1558378516,10.59,8.4
dish_1558378553,9.6,7.6
dish_1558378634,18.56,27.7
dish_1558379128,6.95,3.6
dish_1558379182,9.74,7.5
dish_1558379273,7.99,5.0
dish_1558379324,6.87,3.7
dish_1558379391,15.51,21.1
dish_1558379588,6.17,4.0
dish_1558379639,9.69,8.0
dish_1558379712,10.89,9.6
dish_1558379876,15.41,26.4
dish_1558380014,10.17,8.5
dish_1558380058,9.64,5.8
dish_1558380152,5.92,4.0
dish_1558380181,12.72,21.3
dish_1558380414,6.79,3.7
dish_1558380464,9.41,6.2
dish_1558380527,8.96,7.6
dish_1558380557,14.27,20.2
dish_1558380804,7.22,4.4
dish_1558381032,6.58,3.4
dish_1558381084,6.43,3.4
dish_1558381143,6.58,3.8
dish_1558381206,13.78,16.2
dish_1558381665,9.11,6.4
dish_1558381708,10.27,8.4
dish_1558381742,9.04,6.1
dish_1558381819,7.09,3.8
dish_1558381840,10.0,6.7
dish_1558381860,7.95,4.7
dish_1558381943,18.26,31.0
dish_1558382263,20.57,38.0
dish_1558457415,8.9,5.5
dish_1558457468,7.9,4.4
dish_1558457530,9.07,6.3
dish_1558457577,11.31,8.7
dish_1558457665,17.24,21.4
dish_1558458438,10.54,12.6
dish_1558458496,8.32,5.3
dish_1558458541,9.85,7.0
dish_1558458584,15.78,20.9
dish_1558458737,8.24,5.2
dish_1558458847,6.11,4.1
dish_1558458903,6.52,3.4
dish_1558459020,6.75,3.4
dish_1558459059,6.16,2.7
dish_1558459115,14.15,17.9
dish_1558459276,10.06,9.1
dish_1558459395,8.92,5.9
dish_1558459462,8.58,5.6
dish_1558459528,7.15,3.8
dish_1558459602,10.83,9.8
dish_1558459664,18.32,31.4
dish_1558459945,6.15,4.0
dish_1558459994,5.28,2.5
dish_1558460061,9.49,6.6
dish_1558460138,6.09,3.1
dish_1558460205,9.26,7.3
dish_1558460908,16.12,24.8
dish_1558461431,8.18,5.4
dish_1558461607,9.41,7.3
dish_1558461692,8.25,5.5
dish_1558461760,6.17,3.4
dish_1558461792,18.02,23.9
dish_1558462036,9.66,9.4
dish_1558462106,5.76,2.5
dish_1558462228,6.15,2.7
dish_1558462531,6.79,4.0
dish_1558463113,15.29,20.1
dish_1558463362,9.91,6.9
dish_1558463429,7.3,4.1
dish_1558463562,9.16,6.8
dish_1558463690,16.29,20.4
dish_1558468285,16.63,31.0
dish_1558468401,8.0,4.2
dish_1558468435,12.52,10.5
dish_1558468494,9.44,7.0
dish_1558468547,8.28,5.0
dish_1558468589,7.87,5.1
dish_1558468632,11.54,9.9
dish_1558468731,19.74,36.3
dish_1558544427,11.27,9.4
dish_1558544482,8.16,5.4
dish_1558544663,10.82,9.3
dish_1558544870,13.43,14.0
dish_1558545738,5.9,4.3
dish_1558546434,9.46,8.0
dish_1558546558,9.54,7.0
dish_1558546663,12.92,17.2
dish_1558546918,10.67,9.6
dish_1558547008,10.91,7.4
dish_1558547068,10.07,8.1
dish_1558547124,7.83,4.4
dish_1558547205,17.28,23.8
dish_1558548666,12.95,12.2
dish_1558548958,8.31,5.3
dish_1558549008,9.57,6.9
dish_1558549086,10.01,6.7
dish_1558549150,8.01,4.5
dish_1558549214,18.96,33.4
dish_1558549413,13.87,16.9
dish_1558549605,11.85,11.0
dish_1558549773,7.69,5.0
dish_1558549806,16.84,28.5
dish_1558550079,6.64,4.3
dish_1558550127,7.84,4.2
dish_1558550181,6.38,2.9
dish_1558550218,11.15,10.8
dish_1558628339,6.65,3.5
dish_1558628515,7.91,4.7
dish_1558628711,10.45,8.5
dish_1558628760,14.89,16.4
dish_1558628888,10.87,8.1
dish_1558628921,10.11,6.7
dish_1558628956,11.57,8.7
dish_1558629013,9.68,6.3
dish_1558629041,16.73,24.5
dish_1558629398,6.8,3.8
dish_1558629444,8.72,6.8
dish_1558629488,8.54,6.2
dish_1558629517,12.93,17.0
dish_1558629578,11.45,9.7
dish_1558629644,12.79,15.6
dish_1558629677,6.33,4.3
dish_1558629715,14.81,25.8
dish_1558629818,8.02,4.5
dish_1558629878,6.41,4.3
dish_1558630006,8.36,5.3
dish_1558630038,8.33,5.0
dish_1558630072,13.68,17.9
dish_1558630176,6.66,4.4
dish_1558630207,13.6,13.6
dish_1558630288,12.7,11.3
dish_1558630325,16.09,28.5
dish_1558630450,10.55,9.2
dish_1558630488,10.59,7.5
dish_1558630600,6.37,4.2
dish_1558630649,14.22,20.2
dish_1558630737,12.4,10.4
dish_1558630814,7.84,5.1
dish_1558630867,6.71,4.2
dish_1558630932,12.75,20.8
dish_1558631825,7.55,5.1
dish_1558631872,9.4,6.9
dish_1558631904,6.53,4.3
dish_1558631932,11.27,16.4
dish_1558632080,5.8,2.7
dish_1558632130,9.7,6.7
dish_1558632198,10.88,8.9
dish_1558632233,14.32,19.6
dish_1558632445,13.5,16.8
dish_1558632475,7.64,5.1
dish_1558632799,5.43,2.4
dish_1558632921,6.58,4.4
dish_1558632959,10.02,6.8
dish_1558632990,11.07,9.6
dish_1558633158,11.87,9.4
dish_1558633221,18.94,30.9
dish_1558635400,11.49,9.9
dish_1558635489,7.56,5.1
dish_1558635523,8.9,5.7
dish_1558635546,5.99,4.2
dish_1558635618,16.4,24.6
dish_1558635865,5.45,2.4
dish_1558635933,10.12,6.8
dish_1558635962,9.16,6.4
dish_1558635994,11.11,9.3
dish_1558636028,16.94,24.5
dish_1558636388,10.13,8.7
dish_1558636483,5.94,4.2
dish_1558636514,9.69,6.9
dish_1558636544,10.69,9.6
dish_1558636582,16.52,28.3
dish_1558636763,6.17,4.2
dish_1558636813,9.19,5.6
dish_1558636868,8.88,5.9
dish_1558636902,12.75,10.9
dish_1558636928,9.88,6.9
dish_1558636980,19.28,30.6
dish_1558637214,5.68,2.9
dish_1558637247,7.46,5.1
dish_1558637351,6.33,4.3
dish_1558637393,12.38,14.7
dish_1558637423,15.27,26.5
dish_1558637698,9.57,7.7
dish_1558637769,6.02,4.1
dish_1558637865,5.61,2.7
dish_1558637896,9.74,8.2
dish_1558637932,14.53,23.1
dish_1558638137,6.68,4.3
dish_1558638163,10.27,8.5
dish_1558638216,11.73,10.6
dish_1558638292,18.14,29.3
dish_1558638844,6.01,4.2
dish_1558638896,9.27,6.8
dish_1558638924,8.42,5.7
dish_1558638954,11.22,8.9
dish_1558638983,5.5,2.4
dish_1558639012,16.03,26.9
dish_1558639089,7.42,4.0
dish_1558639138,12.37,10.4
dish_1558639167,6.0,4.2
dish_1558639195,14.58,21.3
dish_1558639221,11.23,10.1
dish_1558639266,5.97,2.7
dish_1558639306,11.47,9.9
dish_1558639335,6.05,4.1
dish_1558639362,17.59,26.7
dish_1558639412,10.15,7.6
dish_1558639440,6.39,4.2
dish_1558639482,5.75,2.7
dish_1558639526,10.37,7.5
dish_1558639555,15.63,23.2
dish_1558639588,9.94,7.5
dish_1558639630,7.82,5.2
dish_1558639662,9.85,6.8
dish_1558639673,9.73,6.8
dish_1558639683,9.27,6.8
dish_1558639752,14.27,20.5
dish_1558639787,11.12,10.6
dish_1558639818,9.9,6.9
dish_1558639849,8.08,4.8
dish_1558639876,16.0,22.6
dish_1558639907,7.94,4.9
dish_1558639949,7.45,4.6
dish_1558639979,14.68,16.2
dish_1558640008,14.22,24.0
dish_1558640039,11.57,10.0
dish_1558640074,6.55,4.3
dish_1558640105,7.14,5.0
dish_1558640145,15.31,21.0
dish_1558640190,10.72,7.5
dish_1558640238,9.59,6.9
dish_1558640267,10.75,8.5
dish_1558640294,17.0,22.5
dish_1558640311,17.84,22.5
dish_1558640373,17.34,22.5
dish_1558640418,10.61,8.2
dish_1558640450,5.98,4.2
dish_1558640477,4.97,2.3
dish_1558640513,11.73,14.0
dish_1558640563,6.12,2.8
dish_1558640593,6.5,4.2
dish_1558640604,6.67,4.2
dish_1558640614,6.09,4.2
dish_1558640671,8.99,6.9
dish_1558640705,12.36,14.0
dish_1558640748,10.58,9.1
dish_1558640781,6.25,4.2
dish_1558640808,10.67,7.5
dish_1558640849,14.55,20.2
dish_1558640882,9.07,6.7
dish_1558640917,8.65,5.5
dish_1558640941,7.8,5.8
dish_1558640979,13.27,16.5
dish_1558641007,9.07,5.9
dish_1558641037,6.53,4.3
dish_1558641075,6.6,3.5
dish_1558641108,12.83,14.4
dish_1558641164,6.15,4.2
dish_1558641200,7.86,4.5
dish_1558641211,7.85,4.5
dish_1558641253,6.82,4.9
dish_1558641287,8.63,5.5
dish_1558641320,13.0,19.2
dish_1558641358,11.61,10.1
dish_1558641391,9.42,7.0
dish_1558641416,5.42,2.4
dish_1558641442,12.77,18.7
dish_1558641897,7.35,5.2
dish_1558641926,6.09,4.2
dish_1558641954,8.22,5.3
dish_1558641989,10.22,8.5
dish_1558642021,15.88,23.1
dish_1558642089,10.3,9.2
dish_1558642420,10.29,9.2
dish_1558642458,10.71,8.6
dish_1558642490,12.92,18.5
dish_1558717604,6.97,4.4
dish_1558717886,7.25,4.4
dish_1558718009,9.44,6.3
dish_1558718051,11.88,9.4
dish_1558718088,15.44,23.4
dish_1558718587,8.95,6.4
dish_1558718610,7.22,4.9
dish_1558718649,9.4,6.3
dish_1558718680,9.49,7.4
dish_1558718906,14.95,22.3
dish_1558718974,12.07,11.1
dish_1558719040,9.31,6.1
dish_1558719066,6.37,4.1
dish_1558719097,8.5,5.2
dish_1558719145,16.67,25.1
dish_1558719298,10.09,8.4
dish_1558719336,10.9,9.1
dish_1558719377,6.38,4.1
dish_1558719401,5.25,2.5
dish_1558719514,16.41,26.9
dish_1558719570,6.28,4.2
dish_1558719994,14.7,16.4
dish_1558720097,11.76,10.0
dish_1558720133,9.14,6.0
dish_1558720236,18.29,32.9
dish_1558720289,11.06,8.7
dish_1558720335,6.73,3.3
dish_1558720364,6.58,4.2
dish_1558720396,7.25,4.8
dish_1558721272,10.93,8.7
dish_1558721323,10.04,6.7
dish_1558721345,10.48,7.7
dish_1558721380,8.49,5.4
dish_1558721434,17.32,26.0
dish_1558721484,5.53,2.6
dish_1558721533,7.5,4.3
dish_1558721559,10.41,8.4
dish_1558721587,7.34,4.6
dish_1558721636,14.79,19.5
dish_1558721669,10.95,9.7
dish_1558721700,8.74,5.9
dish_1558721726,6.59,4.2
dish_1558721757,13.11,14.6
dish_1558721827,17.58,31.7
dish_1558721904,6.55,4.3
dish_1558721931,7.13,4.1
dish_1558721980,7.06,4.2
dish_1558722068,7.94,4.8
dish_1558722883,7.55,4.5
dish_1558722906,7.46,4.7
dish_1558722931,10.89,9.1
dish_1558722968,15.75,20.3
dish_1558723047,9.46,6.0
dish_1558723073,8.62,5.3
dish_1558723096,8.51,5.3
dish_1558723123,5.3,2.3
dish_1558723414,5.24,2.3
dish_1558723449,6.62,4.3
dish_1558723475,7.29,4.0
dish_1558723512,9.27,6.2
dish_1558723537,7.0,3.9
dish_1558723568,13.54,18.5
dish_1558723639,8.73,5.1
dish_1558723671,11.57,9.8
dish_1558723695,7.25,4.7
dish_1558723719,7.05,3.8
dish_1558723742,14.8,21.3
dish_1558723777,6.31,4.2
dish_1558723818,6.98,4.7
dish_1558723847,13.9,16.2
dish_1558723866,7.31,4.1
dish_1558723894,15.5,22.0
dish_1558723926,8.61,5.5
dish_1558723960,6.05,3.6
dish_1558723982,9.73,7.8
dish_1558724005,8.85,5.4
dish_1558724031,16.3,20.9
dish_1558724574,10.39,8.1
dish_1558724607,9.29,7.0
dish_1558724633,12.67,11.9
dish_1558724658,17.04,27.3
dish_1558724689,10.49,8.6
dish_1558724723,13.05,11.9
dish_1558724766,6.42,4.3
dish_1558724799,15.29,23.3
dish_1558724853,10.72,7.8
dish_1558724891,6.46,4.3
dish_1558724912,11.24,9.3
dish_1558724932,10.18,8.5
dish_1558724959,18.55,28.3
dish_1558724992,10.45,9.0
dish_1558725049,11.11,8.2
dish_1558725085,8.88,7.6
dish_1558725112,16.09,25.0
dish_1558725193,13.15,12.7
dish_1558725226,11.19,8.4
dish_1558725253,11.56,9.8
dish_1558725286,17.12,30.8
dish_1558725353,10.39,7.7
dish_1558725403,7.96,5.2
dish_1558725576,11.44,9.0
dish_1558725621,18.61,28.0
dish_1558725702,10.18,7.7
dish_1558725734,11.79,9.8
dish_1558725760,5.87,4.1
dish_1558725786,7.31,4.7
dish_1558725829,18.31,26.2
dish_1559059924,8.23,4.6
dish_1559059954,8.27,4.6
dish_1559059992,9.59,6.4
dish_1559060055,9.21,6.2
dish_1559060106,15.32,17.6
dish_1559061675,8.01,5.2
dish_1559061752,11.92,11.7
dish_1559062005,9.53,6.9
dish_1559062051,8.84,6.1
dish_1559062082,16.14,23.5
dish_1559149615,8.64,7.0
dish_1559149650,10.42,8.0
dish_1559149688,11.82,11.3
dish_1559149719,15.08,20.5
dish_1559157454,10.24,8.7
dish_1559157777,10.54,11.5
dish_1559157919,15.1,18.6
dish_1559158263,11.33,12.2
dish_1559158354,9.93,7.4
dish_1559158425,12.66,12.7
dish_1559232986,12.87,11.3
dish_1559233055,13.34,14.5
dish_1559233102,13.25,12.6
dish_1559233144,17.47,24.6
dish_1559233445,5.44,2.3
dish_1559233570,7.46,4.0
dish_1559233627,6.68,2.9
dish_1559233715,9.89,6.8
dish_1559233756,12.94,15.3
dish_1559235639,10.54,7.8
dish_1559235690,11.63,10.0
dish_1559235771,10.39,8.1
dish_1559235815,17.54,25.5
dish_1559238435,7.5,5.1
dish_1559238481,6.26,3.8
dish_1559238566,11.03,8.9
dish_1559238608,13.0,16.9
dish_1559238993,11.03,8.1
dish_1559239151,12.54,12.6
dish_1559239256,6.16,3.8
dish_1559239369,15.93,24.0
dish_1559239753,9.96,7.2
dish_1559239912,6.12,3.8
dish_1559239985,6.27,4.2
dish_1559240089,12.98,15.5
dish_1559240256,9.96,7.3
dish_1559240382,8.09,5.1
dish_1559240441,7.55,4.5
dish_1559240510,17.29,24.2
dish_1559240875,5.93,4.2
dish_1559240908,5.64,3.8
dish_1559240987,10.41,8.2
dish_1559241099,10.88,14.8
dish_1559242066,9.07,6.4
dish_1559242155,5.68,4.2
dish_1559242221,11.04,12.9
dish_1559242568,6.06,4.3
dish_1559243139,9.67,7.1
dish_1559243704,6.34,4.2
dish_1559243887,8.56,7.2
dish_1559243974,16.07,20.3
dish_1559244305,9.88,7.1
dish_1559244417,13.66,16.0
dish_1559244546,13.18,14.0
dish_1559244598,7.41,4.2
dish_1559244649,19.07,39.3
dish_1559245589,9.37,7.9
dish_1559245654,6.05,4.6
dish_1559245697,16.52,24.0
dish_1559245801,9.55,8.4
dish_1559245848,5.54,3.9
dish_1559245920,9.95,7.5
dish_1559245979,5.5,4.4
dish_1559246053,13.15,24.7
dish_1559319826,10.42,6.7
dish_1559319860,8.3,4.3
dish_1559319971,11.6,8.9
dish_1559320019,15.66,19.6
dish_1559332418,13.67,14.6
dish_1559332487,11.02,8.1
dish_1559332795,13.21,12.7
dish_1559332822,20.24,32.1
dish_1559578551,9.84,6.2
dish_1559578579,12.56,11.0
dish_1559578599,14.6,16.2
dish_1559581236,17.85,24.4
dish_1559581333,20.64,29.9
dish_1559581356,21.62,36.0
dish_1559581378,21.22,35.6
dish_1559585533,8.26,4.7
dish_1559589873,8.44,4.7
dish_1559589902,10.31,7.5
dish_1559589942,16.36,19.5
dish_1559590005,19.93,32.7
dish_1559590031,18.9,34.0
dish_1559590130,14.49,16.5
dish_1559590157,18.47,26.3
dish_1559590202,19.34,33.0
dish_1559593646,13.63,12.5
dish_1559593722,18.37,23.7
dish_1559593746,19.15,28.2
dish_1559593794,21.13,36.4
dish_1559667948,10.46,7.8
dish_1559667973,14.53,15.1
dish_1559667994,16.37,18.9
dish_1559668016,17.6,22.8
dish_1559668238,13.16,12.0
dish_1559668272,17.3,23.0
dish_1559668314,19.91,34.2
dish_1559674074,9.07,5.6
dish_1559674689,12.24,10.5
dish_1559674781,12.58,11.8
dish_1559674866,16.82,21.9
dish_1559675101,5.58,2.3
dish_1559675146,10.47,8.9
dish_1559675178,11.69,11.2
dish_1559675234,12.74,13.7
dish_1559675268,13.68,17.0
dish_1559678083,14.62,23.1
dish_1559678104,15.76,27.8
dish_1559678127,18.24,31.1
dish_1559678146,20.83,35.5
dish_1559678330,14.01,15.1
dish_1559678367,15.42,21.0
dish_1559678405,18.94,28.4
dish_1559678457,21.09,36.4
dish_1559678629,9.67,6.3
dish_1559678651,15.1,14.3
dish_1559700851,13.71,16.6
dish_1559751458,8.04,7.0
dish_1559751552,12.75,16.6
dish_1559751710,8.09,5.7
dish_1559751744,11.55,12.6
dish_1559751775,13.46,17.3
dish_1559751801,15.06,21.5
dish_1559838214,6.15,2.8
dish_1559838279,11.45,11.1
dish_1559838402,14.01,17.8
dish_1559841023,5.02,2.6
dish_1559841061,8.46,6.3
dish_1559841091,11.65,11.7
dish_1559841127,13.81,18.3
dish_1559841163,16.36,24.0
dish_1559841571,7.1,3.9
dish_1559841781,9.43,6.6
dish_1559841808,10.62,8.7
dish_1559841870,7.35,4.5
dish_1559841891,10.62,9.7
dish_1559841908,12.82,13.4
dish_1559841950,7.71,4.4
dish_1559841979,9.32,6.6
dish_1559842047,11.06,10.6
dish_1559842274,9.97,7.2
dish_1559842326,11.38,9.6
dish_1559842374,13.48,13.2
dish_1559842409,14.78,16.4
dish_1559843030,8.25,5.1
dish_1559843052,9.74,7.3
dish_1559843185,12.51,11.1
dish_1559843222,14.97,15.5
dish_1559843335,7.67,5.3
dish_1559843492,10.11,7.5
dish_1559843690,11.54,9.9
dish_1559843715,13.52,14.3
dish_1559844030,8.42,5.4
dish_1559844063,10.18,9.7
dish_1559844090,11.23,11.9
dish_1559844113,13.89,16.5
dish_1559844272,10.99,9.4
dish_1559844323,13.67,14.7
dish_1559844366,15.42,18.0
dish_1559844458,9.03,5.4
dish_1559844479,9.99,7.6
dish_1559844490,13.18,11.9
dish_1559844506,12.96,12.0
dish_1559844611,8.8,5.6
dish_1559844657,13.28,12.5
dish_1559844683,15.52,16.2
dish_1559844928,10.37,7.4
dish_1559844951,12.97,12.1
dish_1559845018,13.76,13.8
dish_1559845046,15.71,17.5
dish_1559845290,10.43,7.5
dish_1559845370,11.56,9.6
dish_1559845399,12.85,11.9
dish_1559845513,14.28,16.1
dish_1559845745,13.13,14.7
dish_1559845767,14.27,16.9
dish_1559846034,7.54,3.8
dish_1559846073,8.88,6.0
dish_1559846099,11.44,10.5
dish_1559846311,7.28,4.6
dish_1559846334,9.7,8.4
dish_1559846363,11.84,10.5
dish_1559846450,7.31,4.7
dish_1559846504,10.48,8.7
dish_1559846528,13.3,14.7
dish_1559846585,7.61,4.6
dish_1559846688,14.26,13.2
dish_1559846825,11.46,10.3
dish_1559848857,5.89,2.3
dish_1559848882,8.83,6.9
dish_1559848929,12.16,11.6
dish_1559849020,8.46,4.8
dish_1559849053,12.33,11.5
dish_1559849097,13.69,15.5
dish_1559849412,9.79,8.0
dish_1559849466,11.25,12.4
dish_1559849497,14.47,17.7
dish_1559849537,15.36,19.7
dish_1559850283,9.7,6.6
dish_1559850314,10.74,8.5
dish_1559850338,12.93,12.1
dish_1559925037,6.97,3.6
dish_1559925083,11.64,11.5
dish_1559925174,12.45,11.7
dish_1559932674,6.58,4.0
dish_1559933793,9.94,9.8
dish_1559933818,16.85,25.2
dish_1559933834,18.71,32.0
dish_1559934477,9.84,7.6
dish_1559934645,11.73,9.6
dish_1559934679,14.03,14.5
dish_1559934708,16.32,17.5
dish_1560203400,12.14,11.7
dish_1560203424,13.3,14.4
dish_1560270537,6.6,3.4
dish_1560270585,10.48,8.6
dish_1560270630,13.91,16.8
dish_1560356314,12.96,14.6
dish_1560356337,15.47,19.6
dish_1560356355,16.67,23.5
dish_1560356523,12.15,17.4
dish_1560356566,16.32,26.1
dish_1560356627,17.43,29.9
dish_1560357267,13.25,18.1
dish_1560357297,15.12,20.8
dish_1560357792,11.78,13.5
dish_1560357832,14.41,19.9
dish_1560360030,11.98,11.5
dish_1560360055,14.51,15.4
dish_1560360102,14.52,18.5
dish_1560360112,14.35,18.5
dish_1560360148,17.61,26.1
dish_1560366389,14.31,12.7
dish_1560366410,20.22,21.8
dish_1560366438,21.64,25.2
dish_1560366460,24.09,29.4
dish_1560366963,5.72,2.5
dish_1560366998,12.88,9.2
dish_1560367085,15.22,13.7
dish_1560367116,16.15,15.1
dish_1560367153,17.45,18.9
dish_1560367193,17.53,21.0
dish_1560367258,20.21,27.8
dish_1560367296,21.58,29.9
dish_1560367333,21.8,31.7
dish_1560367676,14.03,12.5
dish_1560367698,19.35,24.0
dish_1560367715,19.8,25.5
dish_1560367733,21.88,31.6
dish_1560367904,9.01,5.2
dish_1560367926,15.89,17.2
dish_1560367952,24.33,35.7
dish_1560367980,24.62,36.1
dish_1560368019,26.66,42.5
dish_1560368110,9.28,5.0
dish_1560368138,11.66,7.9
dish_1560368162,13.56,12.1
dish_1560368395,10.84,8.2
dish_1560368464,16.58,17.7
dish_1560368506,19.65,24.3
dish_1560368570,23.02,35.3
dish_1560368691,21.01,28.5
dish_1560368712,21.28,29.0
dish_1560368738,22.71,31.7
dish_1560368764,22.39,32.3
dish_1560368815,26.67,46.5
dish_1560368944,12.73,8.8
dish_1560368972,14.06,11.5
dish_1560368990,16.12,15.7
dish_1560369008,18.84,21.1
dish_1560369080,20.19,22.0
dish_1560369102,21.91,28.3
dish_1560369122,23.32,33.8
dish_1560369146,24.81,40.4
dish_1560369255,11.52,8.1
dish_1560369273,18.63,19.4
dish_1560369294,22.59,28.9
dish_1560369313,23.83,31.5
dish_1560369403,24.63,32.3
dish_1560369421,24.43,32.9
dish_1560370114,10.54,5.9
dish_1560370137,17.39,20.5
dish_1560370804,7.05,4.0
dish_1560370833,7.09,4.0
dish_1560441247,5.75,2.2
dish_1560441270,8.15,4.5
dish_1560441288,11.85,9.5
dish_1560441311,14.09,13.8
dish_1560441339,15.83,18.9
dish_1560441464,8.05,4.5
dish_1560441487,9.84,7.0
dish_1560441511,11.42,9.2
dish_1560441529,12.86,11.2
dish_1560442226,12.1,11.7
dish_1560442258,15.77,20.5
dish_1560442279,17.13,25.7
dish_1560442303,19.1,30.6
dish_1560442450,9.24,7.8
dish_1560443437,14.18,14.7
dish_1560443474,15.5,19.3
dish_1560443537,15.69,22.8
dish_1560443565,17.28,25.5
dish_1560443607,19.93,33.1
dish_1560444570,12.09,10.6
dish_1560444592,13.93,13.9
dish_1560444616,16.6,18.3
dish_1560444637,17.08,22.2
dish_1560444701,11.19,9.8
dish_1560444724,14.78,16.3
dish_1560444756,17.61,20.5
dish_1560444785,17.46,25.7
dish_1560444815,22.37,36.6
dish_1560444869,5.68,2.5
dish_1560444892,8.71,5.3
dish_1560444914,13.34,11.9
dish_1560444931,15.2,15.6
dish_1560444948,17.57,20.5
dish_1560444967,18.0,21.9
dish_1560444985,18.46,23.4
dish_1560445004,20.09,27.5
dish_1560453132,16.77,19.3
dish_1560453150,19.97,24.4
dish_1560453174,20.76,28.3
dish_1560453275,7.67,4.2
dish_1560453294,13.3,11.3
dish_1560453328,16.63,17.9
dish_1560453356,17.23,22.8
dish_1560453380,22.19,31.4
dish_1560453412,21.79,34.0
dish_1560454488,14.84,14.9
dish_1560454513,17.74,18.8
dish_1560454539,21.19,26.4
dish_1560454562,23.72,35.6
dish_1560454970,6.64,3.2
dish_1560455000,10.9,8.2
dish_1560455030,14.38,14.8
dish_1560455059,15.69,19.4
dish_1560455090,17.02,22.8
dish_1560455158,15.93,19.4
dish_1560455179,18.9,24.8
dish_1560455203,19.78,28.7
dish_1560455224,21.79,33.1
dish_1560455263,23.74,35.8
dish_1560455343,16.47,16.1
dish_1560455380,19.25,24.5
dish_1560455399,20.59,26.3
dish_1560455421,20.32,27.0
dish_1560455442,21.04,30.2
dish_1560456305,12.68,9.7
dish_1560456326,16.71,15.0
dish_1560456348,17.84,17.7
dish_1560456370,19.94,22.9
dish_1560456794,13.83,12.4
dish_1560456814,18.32,21.0
dish_1560456833,21.94,33.1
dish_1560456853,25.65,40.8
dish_1560526408,13.02,11.3
dish_1560526447,17.58,19.5
dish_1560526472,17.54,21.2
dish_1560526490,19.1,23.9
dish_1560526514,20.56,28.3
dish_1560526530,20.54,29.1
dish_1560526552,22.23,32.4
dish_1560527070,8.87,5.0
dish_1560527105,18.19,21.8
dish_1560527140,20.47,28.6
dish_1560527168,21.58,32.8
dish_1560527191,22.16,34.6
dish_1560527225,22.45,42.4
dish_1560527745,10.49,8.2
dish_1560527950,9.7,6.9
dish_1560529804,7.63,3.3
dish_1560529825,11.43,8.5
dish_1560529844,14.47,12.3
dish_1560539314,10.11,9.8
dish_1560539340,14.69,22.1
dish_1560539368,17.17,28.6
dish_1560539396,20.42,34.4
dish_1560541680,16.11,21.8
dish_1560541706,19.26,29.1
dish_1560541760,21.33,36.6
dish_1560541793,22.24,39.7
dish_1560543465,12.58,10.7
dish_1560543505,13.39,13.8
dish_1560543525,14.06,15.7
dish_1560543557,17.63,23.0
dish_1560543583,20.69,30.0
dish_1560543605,22.54,36.1
dish_1560543625,23.62,38.0
dish_1560543682,10.11,7.1
dish_1560543704,13.8,13.4
dish_1560543729,13.95,14.8
dish_1560543755,18.73,23.1
dish_1560787696,6.25,3.8
dish_1560787754,9.61,8.4
dish_1560787781,10.97,11.5
dish_1560787817,13.93,20.5
dish_1560788338,8.92,6.4
dish_1560788349,9.95,7.6
dish_1560788384,10.34,8.7
dish_1560798656,10.54,11.5
dish_1560798707,13.08,16.3
dish_1560798744,15.91,20.4
dish_1560798785,17.98,27.5
dish_1560798815,18.5,32.7
dish_1560798854,20.38,40.1
dish_1560798928,21.99,44.2
dish_1560798960,22.68,45.9
dish_1560799113,6.5,4.3
dish_1560799277,9.01,8.5
dish_1560799368,7.29,4.4
dish_1560799407,12.78,12.7
dish_1560799558,10.66,11.1
dish_1560799590,17.54,27.8
dish_1560799615,20.83,36.9
dish_1560799647,21.76,48.1
dish_1560800836,12.48,17.4
dish_1560800918,12.64,17.5
dish_1560800951,14.64,22.6
dish_1560800988,17.1,28.6
dish_1560801020,16.62,29.8
dish_1560801041,16.98,31.2
dish_1560801773,6.17,4.3
dish_1560801797,7.71,6.9
dish_1560801829,12.26,14.6
dish_1560801859,13.7,20.2
dish_1560801883,14.72,23.5
dish_1560802006,10.9,13.2
dish_1560802048,12.98,16.1
dish_1560802092,14.18,20.8
dish_1560802149,17.55,31.4
dish_1560802562,8.89,6.0
dish_1560802730,14.14,14.6
dish_1560802764,14.51,15.4
dish_1560802853,15.18,16.9
dish_1560874548,7.98,6.6
dish_1560874667,10.55,10.2
dish_1560874726,14.53,17.4
dish_1560874751,17.22,24.5
dish_1560887408,10.16,7.5
dish_1560887435,16.6,17.2
dish_1560887457,18.4,22.3
dish_1560887480,20.35,26.3
dish_1560888817,6.82,2.5
dish_1560888849,12.75,7.4
dish_1560888893,16.07,11.5
dish_1560888930,18.04,16.0
dish_1560889008,11.01,8.9
dish_1560889032,16.14,16.1
dish_1560889061,21.82,29.5
dish_1560961012,8.81,8.5
dish_1560961059,12.45,14.4
dish_1560961107,16.46,24.7
dish_1560961179,11.4,8.8
dish_1560961202,11.55,11.1
dish_1560961261,14.57,16.1
dish_1560961385,15.95,19.6
dish_1560973936,16.08,17.4
dish_1560973958,19.03,23.5
dish_1560973984,21.29,29.6
dish_1560974009,23.72,37.4
dish_1560974707,13.99,13.1
dish_1560974769,16.18,17.5
dish_1560975346,10.19,7.1
dish_1560975491,14.38,13.6
dish_1560975517,15.85,16.1
dish_1560975572,18.47,22.2
dish_1560975601,21.74,29.4
dish_1560975628,22.88,33.6
dish_1560976044,13.12,11.5
dish_1561049320,9.17,5.5
dish_1561049373,14.75,14.5
dish_1561049409,16.78,18.3
dish_1561049435,18.43,22.2
dish_1561060448,8.33,4.8
dish_1561060477,12.16,9.4
dish_1561060503,15.21,14.6
dish_1561060531,16.35,17.7
dish_1561060558,18.38,22.2
dish_1561060613,19.96,25.6
dish_1561060642,22.1,31.4
dish_1561060703,23.73,38.2
dish_1561060787,10.6,7.2
dish_1561060925,15.31,15.4
dish_1561060976,19.17,23.4
dish_1561061123,21.74,33.0
dish_1561061593,14.64,13.9
dish_1561061630,22.03,30.3
dish_1561061658,22.87,34.8
dish_1561061687,23.26,41.4
dish_1561062171,11.01,7.1
dish_1561062237,13.04,10.0
dish_1561062286,16.53,15.7
dish_1561062320,20.3,25.0
dish_1561062555,13.7,13.5
dish_1561062586,15.65,19.1
dish_1561134102,8.95,6.3
dish_1561134128,11.25,10.8
dish_1561134156,14.37,16.5
dish_1561145732,5.91,2.6
dish_1561146758,10.64,8.5
dish_1561146781,12.0,12.6
dish_1561147944,14.01,12.7
dish_1561147967,17.36,18.3
dish_1561147997,19.59,23.1
dish_1561148021,20.87,27.6
dish_1561148042,22.82,32.5
dish_1561148303,9.08,5.2
dish_1561148336,14.76,13.2
dish_1561148481,17.87,19.1
dish_1561392386,8.62,4.4
dish_1561392410,12.12,9.0
dish_1561392430,14.4,12.7
dish_1561392459,16.76,19.3
dish_1561392512,8.46,6.2
dish_1561392543,12.93,13.6
dish_1561392570,15.41,19.5
dish_1561392593,18.32,28.5
dish_1561392632,18.96,34.0
dish_1561392710,10.07,7.1
dish_1561392734,13.21,13.2
dish_1561393550,8.99,6.2
dish_1561393619,10.81,9.4
dish_1561393649,12.49,10.6
dish_1561393715,10.58,7.6
dish_1561393741,15.12,15.3
dish_1561393764,17.73,21.1
dish_1561404438,14.89,15.0
dish_1561404458,17.06,21.5
dish_1561404485,20.45,31.2
dish_1561404505,22.39,36.3
dish_1561404924,11.6,10.4
dish_1561404956,13.94,14.0
dish_1561405008,19.29,23.1
dish_1561405034,19.8,25.0
dish_1561405332,9.29,6.4
dish_1561405356,14.41,13.8
dish_1561405389,18.55,23.5
dish_1561405411,18.6,26.3
dish_1561405836,8.56,4.8
dish_1561405864,12.67,10.4
dish_1561405887,15.43,14.7
dish_1561405912,19.29,23.0
dish_1561405934,22.04,29.3
dish_1561406762,8.31,4.3
dish_1561406789,14.77,14.3
dish_1561406817,18.32,20.4
dish_1561407208,7.03,2.9
dish_1561407249,12.81,10.2
dish_1561407283,15.45,14.8
dish_1561407312,18.37,21.0
dish_1561480391,10.95,8.1
dish_1561480414,13.26,12.4
dish_1561480439,13.55,14.7
dish_1561480460,15.93,19.6
dish_1561481577,13.05,10.3
dish_1561481606,16.27,18.7
dish_1561481634,18.87,22.7
dish_1561481673,19.64,24.6
dish_1561491121,13.85,12.2
dish_1561491154,14.96,15.1
dish_1561491180,18.22,21.6
dish_1561491210,18.64,24.3
dish_1561492161,14.19,15.0
dish_1561492182,18.97,24.5
dish_1561492204,21.18,31.9
dish_1561492228,22.22,38.5
dish_1561492519,18.92,24.0
dish_1561492628,12.2,8.7
dish_1561492665,14.35,12.6
dish_1561492687,16.51,16.0
dish_1561492703,17.17,17.4
dish_1561493975,16.95,18.5
dish_1561494001,19.83,24.4
dish_1561494032,20.55,28.5
dish_1561567053,8.01,4.7
dish_1561567086,12.48,12.4
dish_1561574215,15.64,19.1
dish_1561574368,9.92,10.0
dish_1561574394,13.96,18.9
dish_1561574428,17.23,25.7
dish_1561574456,19.11,29.6
dish_1561574479,21.77,33.9
dish_1561574600,12.68,10.9
dish_1561574623,14.42,14.1
dish_1561574783,12.18,11.8
dish_1561574815,16.91,20.4
dish_1561574848,16.61,20.5
dish_1561574974,11.53,10.9
dish_1561575033,15.61,19.1
dish_1561575068,18.03,25.4
dish_1561575170,14.35,14.4
dish_1561575192,16.46,19.9
dish_1561575274,12.15,9.6
dish_1561575300,15.43,15.8
dish_1561575327,17.39,22.2
dish_1561575347,17.7,22.5
dish_1561575410,9.65,6.6
dish_1561575445,12.4,12.2
dish_1561575474,15.12,16.5
dish_1561575506,19.27,25.8
dish_1561575613,14.71,20.0
dish_1561575661,18.55,28.3
dish_1561575688,21.54,34.0
dish_1561575908,8.08,4.4
dish_1561575951,11.52,10.7
dish_1561575977,14.62,14.3
dish_1561575996,15.27,16.8
dish_1561576026,16.18,17.7
dish_1561576051,16.52,18.3
dish_1561576074,16.91,18.8
dish_1561576212,10.06,7.1
dish_1561576257,11.89,10.2
dish_1561576295,19.27,27.1
dish_1561576320,21.83,34.2
dish_1561576449,18.71,24.3
dish_1561576483,20.46,27.5
dish_1561576590,10.62,9.8
dish_1561576618,14.11,16.1
dish_1561576652,15.89,22.8
dish_1561576680,18.52,28.9
dish_1561576707,21.58,35.6
dish_1561576737,23.32,43.5
dish_1561576767,24.71,48.8
dish_1561576794,26.48,51.7
dish_1561576887,8.17,5.4
dish_1561576916,16.81,18.5
dish_1561576954,17.08,24.4
dish_1561576978,19.52,26.7
dish_1561577083,7.53,4.5
dish_1561577119,10.01,7.4
dish_1561577146,13.91,13.2
dish_1561577177,15.19,16.7
dish_1561577198,15.89,19.0
dish_1561577219,17.11,22.3
dish_1561577549,8.08,5.1
dish_1561577573,17.43,25.4
dish_1561577598,18.64,33.9
dish_1561577678,9.38,7.5
dish_1561577701,15.64,17.4
dish_1561577731,17.51,24.0
dish_1561577848,14.09,16.5
dish_1561577947,20.52,37.0
dish_1561578156,11.62,10.6
dish_1561578188,14.78,17.6
dish_1561578226,18.57,29.9
dish_1561578344,13.48,15.7
dish_1561578373,17.63,24.9
dish_1561578394,18.79,28.6
dish_1561578417,20.16,33.7
dish_1561578441,22.06,37.4
dish_1561578461,24.56,40.5
dish_1561578570,6.91,4.6
dish_1561578603,9.69,6.7
dish_1561578623,15.21,15.2
dish_1561578676,16.04,17.8
dish_1561578775,11.56,10.8
dish_1561578800,16.96,20.2
dish_1561578839,20.06,28.2
dish_1561578865,21.09,33.0
dish_1561579505,10.49,9.5
dish_1561579576,14.86,18.6
dish_1561579617,17.22,21.7
dish_1561579673,19.63,25.9
dish_1561579706,20.13,28.3
dish_1561579824,7.61,4.9
dish_1561579845,10.28,9.0
dish_1561579867,12.72,14.3
dish_1561579902,18.23,26.6
dish_1561579933,22.31,34.3
dish_1561580278,12.05,10.7
dish_1561580322,13.45,12.5
dish_1561580370,15.02,15.3
dish_1561580406,16.66,18.5
dish_1561580431,16.9,19.1
dish_1561580552,10.11,9.1
dish_1561580608,10.71,8.7
dish_1561580628,17.75,23.6
dish_1561580659,22.15,35.8
dish_1561654326,14.7,15.8
dish_1561654346,16.86,19.1
dish_1561654374,20.2,28.9
dish_1561654392,21.88,34.7
dish_1561654707,12.87,10.9
dish_1561654732,14.25,14.5
dish_1561654756,16.86,17.9
dish_1561661324,14.67,14.2
dish_1561661347,18.94,22.3
dish_1561661377,20.63,29.0
dish_1561661449,10.88,8.4
dish_1561661479,14.73,15.0
dish_1561661500,19.21,23.5
dish_1561661552,21.36,28.3
dish_1561661806,12.5,8.9
dish_1561661850,20.27,23.5
dish_1561661972,10.23,7.3
dish_1561662022,18.74,29.0
dish_1561662054,22.55,36.3
dish_1561662160,15.5,14.8
dish_1561662190,19.31,23.5
dish_1561662216,21.28,27.2
dish_1561662358,8.45,4.3
dish_1561662458,13.08,10.3
dish_1561662501,15.4,13.0
dish_1561662532,16.37,14.8
dish_1561662562,18.07,18.3
dish_1561662814,10.17,5.6
dish_1561662842,14.15,13.1
dish_1561662869,14.81,14.5
dish_1561662926,18.03,20.4
dish_1561662948,18.79,23.6
dish_1561663035,13.4,11.4
dish_1561663068,20.97,28.2
dish_1561663541,12.03,9.4
dish_1561663580,17.18,18.3
dish_1561663606,18.06,21.7
dish_1561663786,5.66,2.2
dish_1561663817,16.02,17.1
dish_1561663855,17.52,19.2
dish_1561663891,18.74,21.3
dish_1561663914,21.51,28.4
dish_1561663990,8.81,5.2
dish_1561664013,12.33,9.2
dish_1561664042,14.88,14.3
dish_1561664061,18.8,21.1
dish_1561664977,9.93,8.4
dish_1561665024,18.95,24.4
dish_1561665065,21.22,31.3
dish_1561665378,7.1,3.6
dish_1561665422,16.35,18.9
dish_1561665452,21.62,29.2
dish_1561665626,4.74,2.0
dish_1561665671,8.77,6.4
dish_1561665706,15.05,17.0
dish_1561665747,20.98,30.6
dish_1561666619,7.46,3.8
dish_1561666640,10.56,7.3
dish_1561666761,8.91,5.0
dish_1561666794,17.02,19.6
dish_1561666821,21.66,31.2
dish_1561666849,22.75,35.0
dish_1561666875,23.34,36.9
dish_1561666897,24.0,40.2
dish_1561666923,25.72,43.8
dish_1561667207,12.13,8.6
dish_1561667238,16.73,16.9
dish_1561667430,14.5,12.9
dish_1561736715,13.41,11.5
dish_1561736736,15.58,17.8
dish_1561737176,7.68,6.1
dish_1561737200,13.4,17.8
dish_1561737223,18.43,25.3
dish_1561737248,20.07,31.1
dish_1561737271,21.07,31.5
dish_1561737293,21.56,36.3
dish_1561737776,15.65,20.7
dish_1561737839,13.64,14.6
dish_1561739160,7.83,5.2
dish_1561739188,11.67,10.3
dish_1561739212,17.0,19.4
dish_1561739238,19.05,23.3
dish_1561739265,19.29,26.4
dish_1561739576,10.56,7.7
dish_1561739623,18.64,25.9
dish_1561739649,22.39,37.0
dish_1561739719,23.54,43.4
dish_1561739760,26.28,49.5
dish_1561739805,27.19,54.5
dish_1561739930,8.28,5.7
dish_1561739954,14.61,14.8
dish_1561739973,17.32,18.5
dish_1561740321,13.84,14.2
dish_1561740353,17.27,19.4
dish_1561740385,18.23,20.4
dish_1561740411,20.42,26.3
dish_1561741063,11.19,7.9
dish_1561741090,12.2,10.0
dish_1561741139,8.91,5.1
dish_1561741174,15.23,13.7
dish_1561746876,5.98,3.4
dish_1561746912,12.71,13.1
dish_1561746970,18.33,29.2
dish_1561747075,16.81,16.9
dish_1561748274,14.19,12.4
dish_1561748862,8.35,5.4
dish_1561748950,12.89,14.2
dish_1561749016,18.79,27.5
dish_1561749061,19.0,30.8
dish_1561749348,10.17,8.1
dish_1561749392,13.22,12.9
dish_1561749664,10.89,8.3
dish_1561749711,13.19,12.3
dish_1561749750,18.86,23.5
dish_1561749778,21.3,26.5
dish_1561749818,23.25,34.1
dish_1561749857,23.71,36.8
dish_1561749908,24.65,38.7
dish_1561751897,13.61,13.0
dish_1561751958,15.86,17.5
dish_1561752035,19.66,24.0
dish_1561752449,10.06,6.9
dish_1561752481,12.67,9.9
dish_1561752509,14.68,13.9
dish_1561752535,19.91,23.0
dish_1561752563,22.91,30.6
dish_1561752680,18.15,18.8
dish_1561752970,13.34,13.1
dish_1561752996,15.47,17.4
dish_1561753021,19.99,28.4
dish_1561753075,22.58,34.0
dish_1561753168,9.98,6.6
dish_1561753203,12.18,11.1
dish_1561753238,21.1,29.7
dish_1561753275,23.06,33.9
dish_1561753371,12.89,9.3
dish_1561753400,14.6,13.0
dish_1561753432,17.49,18.0
dish_1561753477,20.95,25.3
dish_1561753589,9.3,5.9
dish_1561753623,12.63,10.6
dish_1561753649,15.45,16.1
dish_1562007739,14.97,14.6
dish_1562007763,18.95,25.3
dish_1562007789,19.49,27.4
dish_1562007817,21.24,31.7
dish_1562007842,22.8,35.4
dish_1562007866,22.09,37.2
dish_1562007904,23.52,39.2
dish_1562008394,8.65,4.5
dish_1562008429,10.4,6.9
dish_1562008476,12.92,11.3
dish_1562008517,17.12,22.2
dish_1562008549,20.21,27.8
dish_1562008695,9.36,6.0
dish_1562008738,17.82,20.6
dish_1562008780,20.05,26.7
dish_1562008813,21.0,28.8
dish_1562008842,21.73,32.4
dish_1562008936,16.11,16.4
dish_1562008979,19.77,25.5
dish_1562009006,21.15,29.4
dish_1562009098,12.61,10.4
dish_1562009120,13.98,13.7
dish_1562009148,18.17,21.0
dish_1562009182,20.97,29.5
dish_1562009314,16.66,19.1
dish_1562009810,13.92,12.2
dish_1562009894,21.72,30.9
dish_1562009934,24.16,37.3
dish_1562010048,14.05,12.7
dish_1562010085,16.31,18.2
dish_1562010130,23.78,37.0
dish_1562010266,17.41,18.7
dish_1562010293,23.63,35.6
dish_1562010315,24.76,38.2
dish_1562010369,8.8,5.1
dish_1562010394,17.73,20.6
dish_1562010418,19.41,24.2
dish_1562010440,20.65,26.2
dish_1562010821,14.19,11.3
dish_1562010865,16.73,17.5
dish_1562010891,17.99,22.2
dish_1562010929,18.63,22.5
dish_1562011727,13.45,11.9
dish_1562011765,16.79,17.7
dish_1562011794,19.81,25.1
dish_1562012048,12.56,11.9
dish_1562012076,19.08,24.9
dish_1562085132,9.57,5.8
dish_1562085163,16.5,16.7
dish_1562085185,18.95,22.5
dish_1562085604,12.07,14.0
dish_1562085672,16.19,15.6
dish_1562086037,10.85,8.6
dish_1562086067,16.21,17.9
dish_1562086116,17.89,23.4
dish_1562086501,12.06,10.6
dish_1562086564,18.85,24.7
dish_1562086595,19.09,25.4
dish_1562086702,13.73,11.2
dish_1562086740,18.64,21.7
dish_1562094621,12.24,8.4
dish_1562094694,21.7,34.6
dish_1562094730,23.92,39.2
dish_1562094877,11.85,9.2
dish_1562094931,15.49,15.4
dish_1562095283,20.49,27.4
dish_1562095340,24.65,39.0
dish_1562096343,10.36,7.1
dish_1562096372,17.08,19.2
dish_1562096401,21.14,28.7
dish_1562096512,12.63,10.2
dish_1562096542,16.27,16.0
dish_1562096584,18.92,20.8
dish_1562096608,21.42,26.1
dish_1562096633,22.61,30.3
dish_1562096907,14.76,14.4
dish_1562096933,19.03,22.5
dish_1562096973,21.52,30.9
dish_1562097001,23.48,36.4
dish_1562097624,10.97,7.5
dish_1562097653,16.89,16.2
dish_1562097673,18.42,22.5
dish_1562099053,5.69,2.8
dish_1562099076,7.62,4.6
dish_1562099134,16.02,17.8
dish_1562099157,18.22,21.9
dish_1562168365,11.5,8.4
dish_1562168399,14.34,15.0
dish_1562168427,19.37,24.9
dish_1562168450,20.05,28.5
dish_1562168471,19.84,29.3
dish_1562168648,14.34,13.6
dish_1562168673,15.98,16.3
dish_1562168696,16.74,19.6
dish_1562168800,18.25,25.4
dish_1562169729,7.58,5.2
dish_1562169762,16.36,21.0
dish_1562169818,20.49,31.6
dish_1562169840,21.22,35.3
dish_1562170163,9.21,6.4
dish_1562170236,15.97,23.0
dish_1562170331,18.45,28.2
dish_1562170356,19.94,32.4
dish_1562172561,16.96,21.0
dish_1562172600,19.18,26.1
dish_1562172643,22.38,35.6
dish_1562173111,10.76,7.2
dish_1562173175,10.7,7.2
dish_1562173200,12.06,9.7
dish_1562173247,16.17,17.0
dish_1562173267,19.11,23.2
dish_1562173381,8.93,5.7
dish_1562173411,16.59,17.7
dish_1562173742,9.33,5.6
dish_1562180025,18.19,22.4
dish_1562180089,22.24,32.4
dish_1562180157,24.62,45.7
dish_1562181217,13.04,11.0
dish_1562181247,15.75,16.2
dish_1562181285,21.11,32.0
dish_1562183065,7.94,4.9
dish_1562183096,12.33,11.7
dish_1562183125,17.74,20.1
dish_1562183151,19.79,26.1
dish_1562183175,21.91,31.0
dish_1562183201,23.32,35.9
dish_1562184604,10.25,6.9
dish_1562184628,18.28,18.7
dish_1562184663,22.72,28.1
dish_1562184705,24.39,36.3
dish_1562602589,8.76,5.6
dish_1562602627,17.01,16.2
dish_1562602657,18.37,20.2
dish_1562602687,19.35,22.7
dish_1562602803,8.27,6.9
dish_1562602832,12.05,12.7
dish_1562602860,14.27,15.9
dish_1562602888,17.93,24.7
dish_1562602918,18.94,28.9
dish_1562602945,19.63,31.5
dish_1562603536,9.49,5.8
dish_1562603569,11.65,8.3
dish_1562603598,15.52,15.2
dish_1562603626,16.64,18.0
dish_1562603813,14.24,13.6
dish_1562603842,19.41,26.8
dish_1562603867,20.63,31.1
dish_1562603895,22.89,38.3
dish_1562605315,13.17,10.6
dish_1562605352,14.71,14.8
dish_1562605384,16.75,17.6
dish_1562605411,17.51,20.7
dish_1562611522,8.27,5.5
dish_1562611580,8.32,5.5
dish_1562611620,11.08,8.6
dish_1562611649,16.84,17.7
dish_1562611680,22.04,31.8
dish_1562611824,19.83,26.3
dish_1562611853,21.87,34.4
dish_1562611878,22.01,35.4
dish_1562613010,21.93,33.2
dish_1562613045,21.55,33.2
dish_1562613285,15.78,18.6
dish_1562613340,19.85,24.9
dish_1562613376,19.61,26.5
dish_1562613403,21.98,30.1
dish_1562613867,15.89,21.0
dish_1562613898,20.36,30.7
dish_1562613918,22.57,34.0
dish_1562613974,25.45,41.1
dish_1562614088,8.75,7.7
dish_1562614121,16.07,22.3
dish_1562614158,20.44,31.3
dish_1562614895,14.38,14.5
dish_1562614952,18.7,27.0
dish_1562614980,20.29,31.7
dish_1562615070,11.15,8.4
dish_1562615103,18.19,22.6
dish_1562615128,22.62,31.7
dish_1562615153,24.12,36.0
dish_1562615283,9.8,6.8
dish_1562615324,12.15,11.0
dish_1562615360,15.97,18.9
dish_1562615388,20.92,28.0
dish_1562617370,8.46,5.7
dish_1562617395,15.12,17.4
dish_1562617416,18.11,22.0
dish_1562617446,19.94,26.1
dish_1562617470,21.57,33.2
dish_1562617492,24.29,38.9
dish_1562617703,8.07,4.1
dish_1562617939,17.18,22.8
dish_1562618000,23.65,40.9
dish_1562686492,8.18,5.2
dish_1562686520,13.76,14.5
dish_1562686548,15.64,18.3
dish_1562686577,22.25,33.5
dish_1562686664,12.81,13.3
dish_1562687246,13.42,12.2
dish_1562687274,15.77,17.3
dish_1562687299,17.71,20.1
dish_1562687527,17.31,20.4
dish_1562687554,20.05,32.0
dish_1562688382,7.23,3.9
dish_1562688482,11.76,10.1
dish_1562688524,15.04,14.5
dish_1562688552,16.31,18.3
dish_1562689519,10.58,6.9
dish_1562689548,11.99,9.2
dish_1562689601,6.88,3.6
dish_1562689645,15.93,16.9
dish_1562690047,14.91,14.8
dish_1562690074,18.16,22.3
dish_1562690112,21.5,27.3
dish_1562690144,22.71,33.8
dish_1562690886,9.16,5.2
dish_1562690917,13.22,11.4
dish_1562690950,15.85,16.6
dish_1562691000,21.69,29.9
dish_1562691032,21.51,32.3
dish_1562691064,22.58,36.2
dish_1562691383,8.38,4.8
dish_1562691409,13.68,13.0
dish_1562691441,17.1,18.9
dish_1562691466,16.9,19.7
dish_1562691538,15.63,14.4
dish_1562691566,16.46,19.0
dish_1562691613,19.06,25.3
dish_1562691674,20.61,27.7
dish_1562691705,22.55,32.9
dish_1562691737,23.73,36.2
dish_1562698100,9.07,5.6
dish_1562698132,13.75,11.8
dish_1562698209,11.82,9.6
dish_1562698239,16.05,16.5
dish_1562698276,20.25,25.6
dish_1562699570,9.04,4.7
dish_1562699612,14.14,11.4
dish_1562699652,19.54,22.5
dish_1562699699,22.45,29.9
dish_1562700496,10.4,7.7
dish_1562700568,20.96,27.8
dish_1562700593,22.98,33.1
dish_1562700685,15.51,13.6
dish_1562700718,18.09,19.6
dish_1562700760,20.87,25.5
dish_1562700885,12.95,8.8
dish_1562700906,15.96,14.7
dish_1562700931,21.26,27.6
dish_1562700957,21.43,29.3
dish_1562701956,6.16,2.9
dish_1562702007,10.17,6.9
dish_1562702044,13.3,11.5
dish_1562702091,20.94,29.1
dish_1562702132,21.55,31.2
dish_1562702355,17.94,21.4
dish_1562702379,21.15,28.6
dish_1562702412,23.06,31.6
dish_1562702441,24.26,35.2
dish_1562702469,25.09,37.8
dish_1562702813,13.73,13.1
dish_1562702853,17.33,18.7
dish_1562702892,20.05,24.5
dish_1562703345,9.63,5.5
dish_1562703382,13.9,11.5
dish_1562703408,15.75,15.6
dish_1562703447,20.62,27.2
dish_1562704528,9.47,6.0
dish_1562704564,13.08,12.1
dish_1562704616,16.54,18.2
dish_1562704640,18.69,22.1
dish_1562704665,24.98,36.8
dish_1562774099,15.33,14.8
dish_1562774129,15.56,16.9
dish_1562774159,16.79,19.7
dish_1562774180,17.45,21.6
dish_1562774206,20.76,28.8
dish_1562774346,15.94,16.5
dish_1562774475,10.62,7.6
dish_1562774504,13.09,10.9
dish_1562774531,16.08,16.4
dish_1562774980,11.94,9.0
dish_1562775047,13.86,14.4
dish_1562775110,13.79,13.1
dish_1562775212,11.79,9.2
dish_1562775241,12.19,10.6
dish_1562775275,13.68,11.9
dish_1562775356,13.84,12.8
dish_1562775373,15.27,15.3
dish_1562775456,8.18,4.4
dish_1562775488,12.98,10.3
dish_1562775510,14.76,15.0
dish_1562775549,16.13,18.0
dish_1562775574,19.41,26.0
dish_1562776428,10.31,6.5
dish_1562776465,16.31,15.1
dish_1562776497,17.87,19.9
dish_1562777000,13.95,11.1
dish_1562777037,14.88,13.2
dish_1562777068,17.6,18.5
dish_1562777099,18.34,21.2
dish_1562777566,16.25,16.8
dish_1562783605,22.78,46.4
dish_1562783691,23.99,46.5
dish_1562784242,8.87,5.3
dish_1562784266,10.6,7.7
dish_1562784307,15.51,16.6
dish_1562784347,22.39,33.6
dish_1562784388,23.45,41.2
dish_1562785132,13.97,12.0
dish_1562785159,21.88,29.0
dish_1562785184,24.02,35.9
dish_1562785328,17.9,22.2
dish_1562785369,22.84,34.2
dish_1562786103,9.42,5.9
dish_1562787745,13.57,12.5
dish_1562787783,16.24,16.9
dish_1562787817,18.82,23.0
dish_1562787848,20.02,26.2
dish_1562787956,14.57,13.5
dish_1562787983,16.46,17.9
dish_1562788010,17.11,21.1
dish_1562788032,17.4,21.3
dish_1562788506,7.75,5.1
dish_1562788536,15.65,16.6
dish_1562788568,17.6,19.4
dish_1562788601,18.7,22.6
dish_1562788732,8.91,5.6
dish_1562788760,14.84,14.5
dish_1562788794,18.46,22.8
dish_1562788816,18.98,24.8
dish_1562788845,25.01,39.6
dish_1562789207,9.27,6.7
dish_1562789240,13.86,13.5
dish_1562789268,17.88,22.2
dish_1562789301,23.44,34.6
dish_1562789328,25.46,40.7
dish_1562790170,16.75,20.9
dish_1562790224,17.81,22.8
dish_1562790259,18.48,24.8
dish_1562790295,20.24,29.0
dish_1562790321,21.83,33.4
dish_1562790775,17.4,18.0
dish_1562790824,22.44,31.2
dish_1562790855,22.43,34.2
dish_1562859116,12.67,10.7
dish_1562860045,16.46,16.4
dish_1562860073,18.93,25.6
dish_1562860700,7.62,3.6
dish_1562860723,13.17,11.6
dish_1562861103,13.22,12.5
dish_1562861125,17.73,22.2
dish_1562861174,17.84,23.5
dish_1562862493,13.54,11.7
dish_1562862550,17.93,20.9
dish_1562871297,9.8,6.3
dish_1562871363,16.74,16.9
dish_1562871408,19.86,23.7
dish_1562871448,21.43,27.6
dish_1562871488,21.29,34.0
dish_1562871537,24.62,43.1
dish_1562871731,11.52,8.7
dish_1562872150,5.74,2.3
dish_1562872182,20.15,25.8
dish_1562872223,21.57,31.1
dish_1562872365,12.05,9.9
dish_1562872396,16.71,17.6
dish_1562872432,20.31,25.2
dish_1562872470,21.07,27.0
dish_1562872498,23.78,32.5
dish_1562872662,9.34,6.3
dish_1562872746,16.48,18.3
dish_1562872914,12.73,9.6
dish_1562872945,16.47,14.9
dish_1562872981,18.14,18.1
dish_1562873002,19.6,22.1
dish_1562873028,19.93,23.9
dish_1562873155,15.36,13.0
dish_1562873187,19.65,22.3
dish_1562873224,21.46,28.2
dish_1562873264,22.6,34.4
dish_1562873416,13.52,14.1
dish_1562873495,16.08,18.2
dish_1562873544,17.78,20.7
dish_1562873790,20.31,26.9
dish_1562873814,22.88,32.5
dish_1562873838,24.0,35.6
dish_1562874049,17.53,20.8
dish_1562874203,17.79,22.2
dish_1562874250,20.44,29.7
dish_1562874282,23.22,36.4
dish_1562875159,12.23,10.2
dish_1562875211,17.88,22.6
dish_1562875241,21.75,29.3
dish_1562875273,23.41,34.6
dish_1562875320,25.28,43.1
dish_1562875833,13.98,11.0
dish_1562875870,17.89,17.6
dish_1562875898,21.71,26.3
dish_1562875940,25.21,34.0
dish_1562876494,8.19,4.2
dish_1562876531,14.9,13.9
dish_1562876618,9.23,5.1
dish_1562876645,12.01,8.9
dish_1562876674,16.11,14.5
dish_1562876709,18.67,19.9
dish_1562876732,25.12,33.7
dish_1562876756,25.81,37.3
dish_1562945131,12.1,10.2
dish_1562945186,16.4,16.5
dish_1562945332,18.56,21.0
dish_1562945393,20.19,24.2
dish_1562945445,20.89,26.0
dish_1562945499,20.2,27.6
dish_1562945779,16.19,17.9
dish_1562945803,17.18,20.4
dish_1562945823,18.57,22.7
dish_1562945851,19.02,25.1
dish_1562945879,20.29,29.7
dish_1562945900,21.2,30.6
dish_1562946006,14.87,15.7
dish_1562946075,17.55,20.7
dish_1562946106,19.65,24.8
dish_1562947020,16.59,17.7
dish_1562947376,8.59,5.2
dish_1562947409,13.69,12.8
dish_1562947436,14.2,15.7
dish_1562947469,16.74,19.9
dish_1562947503,19.15,26.8
dish_1562947598,13.11,13.2
dish_1562947885,12.84,13.1
dish_1562949162,7.76,3.5
dish_1562949205,10.7,7.0
dish_1562949242,13.43,11.8
dish_1562949467,10.16,7.0
dish_1562949494,14.38,13.0
dish_1562949541,22.25,32.8
dish_1562950018,10.58,8.5
dish_1562950057,15.73,16.0
dish_1562950091,16.98,18.8
dish_1562950895,11.99,10.3
dish_1562950934,19.55,24.2
dish_1562956486,14.26,13.4
dish_1562956510,16.23,18.1
dish_1562958445,5.55,2.2
dish_1562958563,9.68,6.3
dish_1562958603,12.33,9.7
dish_1562958629,15.5,16.0
dish_1562958721,16.37,17.9
dish_1562958775,18.47,26.0
dish_1562958809,20.29,33.1
dish_1562958998,12.48,9.0
dish_1562959024,18.42,18.5
dish_1562959059,19.17,20.2
dish_1562959103,19.59,22.4
dish_1562959129,21.46,26.0
dish_1562959190,25.9,39.0
dish_1562959295,8.61,5.5
dish_1562959344,9.93,7.4
dish_1562959379,14.24,15.5
dish_1562959485,11.62,7.8
dish_1562959517,15.54,15.5
dish_1562959547,18.47,20.6
dish_1562959570,19.23,23.5
dish_1562959599,21.39,28.6
dish_1562959700,13.13,11.3
dish_1562959732,14.4,15.3
dish_1562959766,19.95,24.7
dish_1562959799,20.99,28.7
dish_1562960437,6.8,3.8
dish_1562960472,14.9,15.4
dish_1562960520,19.38,22.3
dish_1562961588,11.07,7.2
dish_1562961609,17.71,17.6
dish_1562961650,20.31,25.2
dish_1562963006,13.75,13.5
dish_1562963033,15.58,16.7
dish_1562963059,16.27,20.0
dish_1562963084,18.75,24.9
dish_1562963109,19.84,29.9
dish_1562963153,22.87,38.1
dish_1562963246,12.83,10.8
dish_1562963289,18.11,18.8
dish_1562963325,22.95,31.0
dish_1562963484,15.08,18.0
dish_1562963517,20.09,30.3
dish_1562963583,8.85,6.5
dish_1562963612,15.61,18.1
dish_1562963648,21.03,29.5
dish_1562963676,21.73,32.7
dish_1562963704,24.46,39.5
dish_1563205877,8.09,4.5
dish_1563205903,13.67,12.0
dish_1563205927,15.99,16.6
dish_1563205953,20.03,21.9
dish_1563205982,21.31,28.7
dish_1563206409,16.31,17.4
dish_1563206562,10.73,7.1
dish_1563206582,17.52,19.0
dish_1563206601,17.36,19.1
dish_1563207277,11.57,9.6
dish_1563207301,14.57,15.1
dish_1563207332,16.59,19.0
dish_1563207364,17.88,21.9
dish_1563207389,18.92,24.7
dish_1563207406,22.09,31.4
dish_1563208094,12.58,10.6
dish_1563208129,17.44,20.4
dish_1563208412,7.51,3.8
dish_1563208439,11.04,7.9
dish_1563208459,14.36,13.8
dish_1563216381,11.39,9.1
dish_1563216412,16.42,17.9
dish_1563216440,21.19,28.0
dish_1563216625,11.47,8.8
dish_1563216659,14.56,14.8
dish_1563216689,18.78,23.4
dish_1563216717,20.22,26.3
dish_1563217736,10.71,8.1
dish_1563217774,19.04,23.1
dish_1563217804,25.21,37.9
dish_1563217895,14.84,13.4
dish_1563217939,19.3,21.4
dish_1563217968,20.64,26.6
dish_1563217993,21.58,30.8
dish_1563218031,22.35,31.5
dish_1563218201,15.95,15.3
dish_1563218408,11.97,9.3
dish_1563218959,14.07,12.6
dish_1563218987,17.12,17.3
dish_1563219009,18.6,19.5
dish_1563219035,18.77,20.9
dish_1563219056,19.78,23.3
dish_1563220058,8.58,5.4
dish_1563220087,12.24,11.3
dish_1563220109,15.4,16.5
dish_1563220143,20.58,27.8
dish_1563220171,22.03,31.9
dish_1563220767,12.69,10.9
dish_1563220802,19.6,23.8
dish_1563220987,12.89,11.4
dish_1563221025,14.35,13.0
dish_1563221054,19.43,23.4
dish_1563221086,20.93,30.8
dish_1563221157,23.67,35.3
dish_1563221495,13.23,12.0
dish_1563221519,14.64,16.1
dish_1563221562,16.12,19.4
dish_1563221602,21.12,30.9
dish_1563221640,23.35,37.0
dish_1563222745,8.81,5.9
dish_1563222775,11.02,8.8
dish_1563222800,16.11,15.6
dish_1563222830,19.44,22.4
dish_1563222850,22.3,27.7
dish_1563294408,9.34,5.6
dish_1563294441,13.09,11.1
dish_1563294465,15.14,15.7
dish_1563294491,17.95,21.4
dish_1563294522,19.44,26.1
dish_1563294547,20.42,27.9
dish_1563294575,23.55,34.6
dish_1563294987,8.27,4.9
dish_1563295016,11.56,8.7
dish_1563295044,15.12,14.9
dish_1563295292,10.67,6.4
dish_1563295334,15.91,14.2
dish_1563295360,18.83,20.9
dish_1563295400,19.57,24.4
dish_1563302315,8.27,5.0
dish_1563302345,13.07,12.4
dish_1563302391,15.34,17.8
dish_1563302420,18.68,23.9
dish_1563302447,22.13,36.6
dish_1563303298,9.01,5.6
dish_1563303350,13.4,12.3
dish_1563303386,15.75,15.7
dish_1563304261,14.48,14.8
dish_1563304301,18.35,21.9
dish_1563304333,21.62,28.6
dish_1563304369,22.54,30.1
dish_1563304881,16.8,20.9
dish_1563304925,18.89,25.1
dish_1563304958,21.11,30.3
dish_1563305005,24.1,38.1
dish_1563305047,23.95,40.5
dish_1563305083,25.14,41.9
dish_1563305321,8.81,5.9
dish_1563305354,14.82,14.7
dish_1563305401,21.92,33.7
dish_1563305513,19.97,25.8
dish_1563305653,11.75,9.0
dish_1563305689,15.46,14.6
dish_1563305722,17.94,20.5
dish_1563305837,8.87,6.3
dish_1563305883,14.26,16.4
dish_1563305913,15.57,19.2
dish_1563305948,18.7,25.1
dish_1563305982,19.86,27.6
dish_1563306039,22.07,32.5
dish_1563306392,13.14,13.3
dish_1563307488,14.29,14.0
dish_1563307519,17.2,20.7
dish_1563307575,21.28,32.1
dish_1563308323,9.13,6.9
dish_1563308353,12.34,12.7
dish_1563308386,15.84,18.8
dish_1563308428,19.31,26.0
dish_1563309189,6.0,3.3
dish_1563309237,11.75,10.7
dish_1563309285,21.53,28.7
dish_1563309315,22.93,35.1
dish_1563309353,23.56,36.7
dish_1563309398,25.73,42.4
dish_1563389042,10.42,6.6
dish_1563389079,14.17,13.5
dish_1563389114,18.21,22.0
dish_1563389153,19.67,26.7
dish_1563389199,21.04,29.7
dish_1563389413,12.02,10.8
dish_1563389446,18.79,25.0
dish_1563389548,14.38,13.7
dish_1563389600,14.82,15.6
dish_1563389626,16.43,21.6
dish_1563389693,18.43,23.6
dish_1563389719,19.19,26.0
dish_1563389742,18.94,28.6
dish_1563389786,19.6,28.6
dish_1563391333,11.15,8.4
dish_1563391375,13.7,11.9
dish_1563391413,16.65,17.4
dish_1563391647,11.52,9.2
dish_1563391681,17.2,15.9
dish_1563391708,18.05,19.4
dish_1563391922,11.7,9.7
dish_1563391959,18.81,22.8
dish_1563391989,21.95,30.9
dish_1563392128,13.04,9.7
dish_1563393148,13.17,11.1
dish_1563393182,16.08,16.2
dish_1563393217,17.19,18.8
dish_1563393244,17.82,21.4
dish_1563393341,12.03,10.4
dish_1563393366,13.89,14.1
dish_1563393403,15.67,17.0
dish_1563395341,8.58,5.0
dish_1563395374,11.2,8.8
dish_1563395415,17.15,19.2
dish_1563395449,22.89,30.3
dish_1563395480,24.14,36.8
dish_1563395510,25.74,40.5
dish_1563464389,10.51,6.9
dish_1563464429,13.88,12.9
dish_1563464457,14.71,14.6
dish_1563464480,16.41,17.7
dish_1563464543,20.19,25.6
dish_1563464627,16.53,17.1
dish_1563464651,16.12,19.0
dish_1563464670,17.38,21.1
dish_1563465805,7.22,3.4
dish_1563465847,14.88,15.1
dish_1563466280,13.07,11.2
dish_1563468199,12.97,10.3
dish_1563468240,17.22,17.7
dish_1563468269,19.93,22.7
dish_1563468299,19.46,23.9
dish_1563468327,21.52,30.6
dish_1563468362,22.21,32.2
dish_1563475788,8.39,5.3
dish_1563475826,13.17,12.2
dish_1563475874,17.0,19.4
dish_1563475921,19.08,24.7
dish_1563475953,20.74,30.1
dish_1563476267,10.22,6.4
dish_1563476323,17.75,20.1
dish_1563476408,22.22,32.0
dish_1563476463,21.84,33.6
dish_1563476551,23.15,39.8
dish_1563476577,22.47,41.9
dish_1563476646,15.37,15.6
dish_1563477659,8.01,5.2
dish_1563477701,12.03,10.4
dish_1563477736,20.21,31.1
dish_1563478751,20.47,31.0
dish_1563479526,16.98,18.2
dish_1563479568,17.32,20.4
dish_1563479596,20.38,25.1
dish_1563479625,21.97,29.1
dish_1563479655,24.09,33.8
dish_1563480476,15.11,15.5
dish_1563480505,19.78,25.8
dish_1563480534,22.39,32.6
dish_1563480608,25.77,42.8
dish_1563481030,17.7,20.6
dish_1563481061,23.19,33.2
dish_1563550584,14.59,13.1
dish_1563550614,16.9,17.7
dish_1563550950,13.47,12.1
dish_1563550976,16.98,17.6
dish_1563551006,20.19,24.3
dish_1563551105,11.83,9.5
dish_1563551134,16.17,16.9
dish_1563551164,17.73,20.7
dish_1563551194,19.76,25.7
dish_1563551220,21.07,32.6
dish_1563551360,15.86,17.4
dish_1563551397,16.07,20.9
dish_1563552016,18.71,29.8
dish_1563553735,14.31,15.7
dish_1563553756,17.49,21.3
dish_1563553780,18.14,24.3
dish_1563555072,13.73,11.1
dish_1563555100,16.06,15.3
dish_1563555160,18.36,21.5
dish_1563555510,13.12,10.6
dish_1563555543,18.49,19.7
dish_1563555563,19.02,22.0
dish_1563555605,20.46,25.9
dish_1563563240,7.99,4.2
dish_1563563264,14.52,13.2
dish_1563563289,14.67,14.1
dish_1563563317,17.1,17.3
dish_1563563348,17.59,19.4
dish_1563563378,17.69,22.0
dish_1563563467,14.55,13.1
dish_1563563492,16.96,17.8
dish_1563563527,20.89,27.3
dish_1563564676,14.88,13.5
dish_1563564707,16.68,17.8
dish_1563564760,19.15,22.0
dish_1563564797,21.88,27.9
dish_1563564828,23.12,31.3
dish_1563565289,7.5,4.0
dish_1563565323,11.93,8.7
dish_1563565354,14.93,12.1
dish_1563565415,18.18,18.9
dish_1563565454,19.33,22.1
dish_1563565508,20.17,24.9
dish_1563565683,9.47,5.3
dish_1563565720,12.17,10.0
dish_1563565761,13.42,12.0
dish_1563565805,17.45,19.6
dish_1563566626,8.52,5.4
dish_1563566674,12.61,10.5
dish_1563566725,19.35,23.2
dish_1563566810,23.41,35.6
dish_1563566909,15.69,16.4
dish_1563566939,19.09,25.1
dish_1563566965,21.97,32.3
dish_1563567319,17.53,21.8
dish_1563567372,23.88,40.9
dish_1563567599,16.12,21.0
dish_1563567626,17.65,24.4
dish_1563567663,21.31,33.7
dish_1563567722,22.96,40.2
dish_1563567978,11.05,7.1
dish_1563568003,14.76,10.9
dish_1563568025,16.12,16.4
dish_1563568118,15.44,13.3
dish_1563568148,20.05,22.6
dish_1563568263,8.33,5.5
dish_1563568292,13.87,14.4
dish_1563568319,19.36,23.7
dish_1563568338,20.97,26.8
dish_1563568357,25.53,40.1
dish_1563811412,19.83,22.8
dish_1563811439,20.91,25.4
dish_1563811463,22.57,29.7
dish_1563811490,23.42,31.0
dish_1563811515,19.87,25.9
dish_1563811611,13.94,11.5
dish_1563811639,16.24,16.1
dish_1563811662,18.0,20.7
dish_1563811686,18.31,21.8
dish_1563812508,16.06,17.3
dish_1563812535,19.5,25.5
dish_1563812570,22.68,34.8
dish_1563812615,23.34,39.1
dish_1563813221,8.04,4.5
dish_1563813308,15.82,17.4
dish_1563813395,17.6,22.4
dish_1563813436,19.26,26.0
dish_1563813501,21.0,34.3
dish_1563813806,13.45,11.1
dish_1563813833,14.5,14.5
dish_1563820775,13.12,11.5
dish_1563820806,17.65,19.9
dish_1563820834,18.06,21.3
dish_1563822546,14.77,13.9
dish_1563822597,16.79,19.1
dish_1563822636,19.97,26.1
dish_1563822663,23.05,32.2
dish_1563823292,14.86,14.6
dish_1563823359,18.33,23.3
dish_1563823390,19.96,26.7
dish_1563823423,23.89,36.7
dish_1563823814,10.16,7.1
dish_1563823894,19.68,28.7
dish_1563824065,9.94,6.0
dish_1563824092,13.72,11.2
dish_1563824130,18.17,19.5
dish_1563824155,22.28,30.5
dish_1563824250,10.32,7.7
dish_1563824279,12.07,10.2
dish_1563824304,13.49,13.4
dish_1563824339,15.26,15.8
dish_1563824377,16.84,19.2
dish_1563824406,17.04,21.4
dish_1563826223,12.93,9.3
dish_1563826272,18.55,20.7
dish_1563826306,19.72,22.7
dish_1563827060,9.27,6.6
dish_1563827086,17.34,20.0
dish_1563827110,18.35,22.3
dish_1563827132,21.57,28.6
dish_1563827162,23.38,33.4
dish_1563827188,25.4,36.1
dish_1563827425,16.83,18.7
dish_1563827454,19.66,24.0
dish_1563827482,24.62,37.5
dish_1563897047,11.5,7.8
dish_1563897087,12.78,10.6
dish_1563897338,9.69,5.8
dish_1563897369,14.27,11.7
dish_1563897395,16.77,16.7
dish_1563897439,19.66,27.1
dish_1563897492,19.23,27.9
dish_1563897794,11.3,8.7
dish_1563897837,15.47,15.8
dish_1563897870,13.08,11.7
dish_1563897938,5.4,2.3
dish_1563897981,13.39,13.1
dish_1563898019,16.59,19.3
dish_1563898084,19.39,27.3
dish_1563898107,20.18,28.6
dish_1563898688,12.05,11.7
dish_1563898722,19.37,26.1
dish_1563898786,22.24,35.9
dish_1563898813,23.66,41.9
dish_1563898880,23.63,42.0
dish_1563900120,7.82,4.4
dish_1563900150,13.94,13.0
dish_1563900172,17.44,19.1
dish_1563900205,18.12,21.0
dish_1563908923,16.24,19.2
dish_1563908957,20.28,27.8
dish_1563908996,22.55,32.9
dish_1563909469,14.43,15.1
dish_1563909507,17.92,22.9
dish_1563909550,23.23,34.1
dish_1563909580,24.99,41.6
dish_1563909951,19.26,26.6
dish_1563909982,20.46,31.2
dish_1563910106,10.71,8.3
dish_1563910137,16.07,17.3
dish_1563910171,20.97,31.3
dish_1563910276,14.9,13.6
dish_1563910530,13.61,12.1
dish_1563910639,17.81,22.2
dish_1563910676,20.93,30.6
dish_1563910708,22.38,35.0
dish_1563911156,8.89,5.1
dish_1563911185,12.9,10.6
dish_1563911215,15.97,15.6
dish_1563911255,19.57,24.5
dish_1563913588,12.25,9.9
dish_1563913627,16.41,18.8
dish_1563913675,24.0,34.1
dish_1563913709,25.78,39.1
dish_1563913741,26.27,42.0
dish_1563984140,19.2,25.2
dish_1563984167,23.44,36.3
dish_1563984199,24.17,38.3
dish_1563984242,24.26,42.4
dish_1563984296,24.61,43.4
dish_1563984701,13.07,14.1
dish_1563984729,18.27,25.8
dish_1563984771,21.18,35.1
dish_1563984835,21.6,36.4
dish_1563986093,17.91,23.6
dish_1563996251,12.41,10.2
dish_1563996279,17.34,19.6
dish_1563996308,22.52,35.3
dish_1563996441,16.77,19.1
dish_1563996464,18.56,23.4
dish_1563996485,20.67,28.1
dish_1563996509,23.3,34.3
dish_1563996596,16.33,15.9
dish_1563996625,18.9,20.8
dish_1563996656,20.04,23.6
dish_1563997327,19.27,26.9
dish_1563997386,20.64,28.6
dish_1563997418,20.41,29.4
dish_1563998210,8.72,5.7
dish_1563998244,12.83,11.7
dish_1563998279,17.68,20.1
dish_1563998323,23.53,35.6
dish_1563998513,24.72,39.2
dish_1564000202,14.98,15.9
dish_1564000417,10.17,8.1
dish_1564000459,13.7,14.0
dish_1564000490,20.8,28.2
dish_1564000536,23.97,36.9
dish_1564073641,8.15,4.9
dish_1564073677,11.72,10.3
dish_1564073716,18.93,25.7
dish_1564073860,15.39,16.2
dish_1564082212,18.72,24.2
dish_1564082323,22.31,34.9
dish_1564082462,24.21,41.1
dish_1564083480,13.71,12.4
dish_1564083508,15.41,15.5
dish_1564083534,16.21,18.2
dish_1564086602,9.46,6.6
dish_1564086624,12.52,11.3
dish_1564086658,19.9,25.2
dish_1564086709,22.77,33.9
dish_1564086748,23.37,35.6
dish_1564086778,26.26,43.6
dish_1564159520,12.49,9.5
dish_1564159588,15.15,14.7
dish_1564160043,12.5,10.8
dish_1564160161,12.0,10.6
dish_1564168695,13.04,10.6
dish_1564168739,18.51,20.1
dish_1564169197,8.61,5.6
dish_1564169254,13.28,13.1
dish_1564169298,17.41,21.7
dish_1564169340,20.99,32.2
dish_1564169644,16.52,19.1
dish_1564169878,15.8,17.4
dish_1564169932,17.95,25.9
dish_1564169958,21.49,33.6
dish_1564170010,23.92,44.8
dish_1564170071,14.97,12.0
dish_1564170098,15.29,14.1
dish_1564170141,15.96,15.7
dish_1564170173,18.0,19.2
dish_1564170283,13.97,13.7
dish_1564170474,13.77,12.9
dish_1564170542,21.21,27.5
dish_1564170836,11.15,8.2
dish_1564170880,16.01,16.7
dish_1564170923,21.45,30.9
dish_1564170967,24.22,36.7
dish_1564171888,12.79,11.2
dish_1564171935,17.86,21.0
dish_1564171970,21.04,29.0
dish_1564171996,22.89,33.9
dish_1564427406,14.66,13.1
dish_1564427430,14.97,14.4
dish_1564427455,17.12,17.5
dish_1564428102,15.79,18.0
dish_1564428144,17.74,21.5
dish_1564428181,20.93,31.4
dish_1564428404,16.9,18.4
dish_1564428444,19.82,26.8
dish_1564428475,21.11,31.2
dish_1564428515,25.22,40.6
dish_1564429184,13.52,12.9
dish_1564429235,18.71,23.6
dish_1564429270,22.62,36.3
dish_1564429702,14.49,13.2
dish_1564429744,19.35,24.3
dish_1564429808,21.37,28.3
dish_1564429843,22.75,32.0
dish_1564429894,25.98,39.8
dish_1564432094,9.23,6.3
dish_1564432128,16.24,17.1
dish_1564432165,18.26,20.2
dish_1564432191,19.53,24.6
dish_1564432238,23.75,34.1
dish_1564502063,16.68,19.1
dish_1564503184,6.95,4.0
dish_1564503219,15.81,18.7
dish_1564514906,11.49,10.0
dish_1564514953,15.67,17.7
dish_1564514997,19.65,25.9
dish_1564515049,23.25,36.8
dish_1564516366,5.6,2.7
dish_1564516397,8.22,5.2
dish_1564516429,13.93,12.4
dish_1564516454,18.2,21.3
dish_1564516483,21.34,26.7
dish_1564516732,10.26,7.3
dish_1564516760,18.35,23.7
dish_1564518454,9.19,6.8
dish_1564518488,11.2,9.4
dish_1564518512,13.9,14.4
dish_1564518542,20.77,25.6
dish_1564518586,22.84,33.6
dish_1564518850,9.24,5.6
dish_1564588483,7.74,4.0
dish_1564588533,13.28,12.1
dish_1564588567,17.0,20.9
dish_1564588688,5.65,2.7
dish_1564588719,11.47,13.4
dish_1564588820,13.76,12.9
dish_1564588859,19.03,21.2
dish_1564588889,20.49,26.7
dish_1564588919,21.67,30.0
dish_1564589025,7.32,3.5
dish_1564589072,17.8,20.6
dish_1564589308,10.99,8.3
dish_1564589366,17.12,19.7
dish_1564590115,11.82,9.7
dish_1564590146,13.88,15.0
dish_1564590190,16.72,24.2
dish_1564590226,18.9,27.1
dish_1564590254,21.98,34.6
dish_1564590288,24.26,44.9
dish_1564590352,24.11,45.9
dish_1564601470,7.81,3.7
dish_1564601528,11.02,9.5
dish_1564601569,16.8,18.6
dish_1564601600,18.56,25.0
dish_1564601638,20.94,30.0
dish_1564605293,15.53,15.7
dish_1564605328,22.5,34.7
dish_1564675060,8.58,5.6
dish_1564675118,14.7,15.4
dish_1564675157,15.87,19.1
dish_1564675193,24.52,40.1
dish_1564675240,24.62,40.3
dish_1564675380,8.18,6.0
dish_1564675411,18.31,21.1
dish_1564685144,8.38,6.2
dish_1564685183,17.04,21.7
dish_1564685229,21.72,30.1
dish_1564685360,11.37,8.3
dish_1564685406,17.45,19.8
dish_1564685450,19.38,26.0
dish_1564685482,20.24,27.6
dish_1564686657,12.54,10.3
dish_1564686702,15.01,15.0
dish_1564686740,23.5,34.1
dish_1564686791,25.96,39.6
dish_1564686832,26.12,41.6
dish_1564686855,26.92,43.0
dish_1564686966,7.58,4.5
dish_1564687013,13.39,12.9
dish_1564687046,18.75,24.3
dish_1564687090,22.36,33.5
dish_1564688969,13.15,10.6
dish_1564689078,10.97,9.2
dish_1564689108,16.51,19.2
dish_1564689138,20.46,28.7
dish_1564689168,23.36,36.6
dish_1564689219,23.99,40.8
dish_1564690038,10.93,7.0
dish_1564690085,14.58,13.3
dish_1564690138,17.86,18.9
dish_1564690167,18.76,20.9
dish_1564690194,23.33,33.0
dish_1564691380,13.07,11.7
dish_1564691420,19.27,25.3
dish_1564691450,22.46,32.8
dish_1564761388,12.15,9.0
dish_1564761426,17.26,17.5
dish_1564761457,18.98,21.1
dish_1564761488,21.81,27.4
dish_1564773826,9.01,5.3
dish_1564773847,11.67,8.7
dish_1564773876,15.07,14.1
dish_1564773903,18.26,20.6
dish_1564773942,20.57,28.3
dish_1564773976,21.43,30.2
dish_1564774773,11.86,9.8
dish_1564774805,18.66,21.9
dish_1564775147,11.02,7.3
dish_1564775182,16.01,17.4
dish_1564775216,19.14,23.6
dish_1564777933,9.24,5.4
dish_1564777960,13.23,12.1
dish_1564777986,17.0,19.0
dish_1564778030,20.22,27.9
dish_1564778057,23.98,36.8
dish_1565020755,8.43,4.3
dish_1565020796,14.72,13.0
dish_1565020822,16.46,17.8
dish_1565020867,18.16,22.9
dish_1565020895,19.76,27.4
dish_1565020926,20.35,30.4
dish_1565021054,17.67,21.6
dish_1565021104,18.74,23.3
dish_1565021141,19.65,27.2
dish_1565021185,21.07,30.3
dish_1565021220,21.94,32.4
dish_1565021599,20.06,25.6
dish_1565021640,21.48,31.8
dish_1565021675,22.65,34.9
dish_1565021714,21.84,38.0
dish_1565021965,14.85,13.7
dish_1565022027,18.42,20.9
dish_1565022062,21.03,28.6
dish_1565023128,15.41,16.4
dish_1565023157,19.1,27.8
dish_1565023182,20.59,34.3
dish_1565024675,11.87,9.0
dish_1565024707,16.71,16.9
dish_1565024741,17.49,19.5
dish_1565030350,16.63,19.3
dish_1565030391,22.97,32.6
dish_1565031283,11.85,9.3
dish_1565031338,19.53,24.1
dish_1565031376,21.74,30.3
dish_1565032680,17.97,21.4
dish_1565032714,21.13,28.7
dish_1565032748,20.99,30.1
dish_1565033085,20.83,34.6
dish_1565033110,21.91,35.7
dish_1565033139,21.95,38.3
dish_1565033189,24.3,42.5
dish_1565033220,24.86,42.5
dish_1565033265,24.34,42.5
dish_1565034234,13.86,13.8
dish_1565034281,18.02,22.1
dish_1565034330,21.06,30.5
dish_1565034605,12.54,9.3
dish_1565034635,17.15,19.1
dish_1565034661,17.33,19.5
dish_1565034681,16.72,19.8
dish_1565035715,10.8,8.5
dish_1565035746,14.9,15.6
dish_1565035774,16.54,19.8
dish_1565035802,19.04,23.9
dish_1565035830,22.86,34.2
dish_1565035858,23.81,38.6
dish_1565036788,11.95,9.7
dish_1565036821,14.13,14.5
dish_1565036890,19.36,23.9
dish_1565036922,22.29,29.7
dish_1565036953,26.95,43.2
dish_1565107066,8.66,5.9
dish_1565107092,18.75,25.6
dish_1565107119,21.86,33.2
dish_1565107143,23.64,38.7
dish_1565107171,23.5,42.7
dish_1565107211,23.62,43.0
dish_1565109606,10.16,7.3
dish_1565109637,16.26,18.4
dish_1565109659,16.41,18.6
dish_1565117429,17.02,19.4
dish_1565117463,21.31,30.8
dish_1565117892,17.52,16.8
dish_1565117934,18.99,22.4
dish_1565117962,21.53,28.7
dish_1565117990,22.01,30.5
dish_1565118029,22.99,36.1
dish_1565118067,25.62,39.6
dish_1565118096,26.69,41.7
dish_1565118700,9.37,6.1
dish_1565118729,15.79,16.4
dish_1565118782,22.27,35.6
dish_1565118999,19.41,27.4
dish_1565119418,11.48,8.8
dish_1565119439,14.44,13.3
dish_1565119464,19.56,24.1
dish_1565119493,23.63,35.8
dish_1565119642,11.98,10.4
dish_1565119669,16.3,17.7
dish_1565119698,18.69,22.5
dish_1565119739,21.21,31.0
dish_1565123783,7.43,4.6
dish_1565123816,10.67,9.7
dish_1565123845,14.16,16.4
dish_1565123881,23.48,36.9
dish_1565194684,19.3,29.2
dish_1565194752,21.92,33.3
dish_1565194781,22.52,35.8
dish_1565194823,22.51,38.8
dish_1565194852,25.18,45.1
dish_1565194906,25.62,45.8
dish_1565195362,10.04,7.1
dish_1565195398,10.45,8.5
dish_1565195436,14.1,13.5
dish_1565195493,16.98,20.8
dish_1565196260,12.14,10.0
dish_1565203015,18.81,23.0
dish_1565203094,21.07,31.5
dish_1565204855,11.11,9.4
dish_1565204891,17.3,20.9
dish_1565204931,23.66,37.7
dish_1565207631,7.96,3.8
dish_1565207662,11.17,7.7
dish_1565207694,14.6,12.4
dish_1565207727,17.06,17.6
dish_1565207815,11.72,10.7
dish_1565207865,16.58,20.0
dish_1565207896,23.67,37.1
dish_1565208562,14.59,13.2
dish_1565208611,17.98,19.8
dish_1565208637,18.89,23.6
dish_1565209922,12.28,10.8
dish_1565209963,16.49,17.8
dish_1565210009,19.17,23.1
dish_1565210037,20.26,26.9
dish_1565210073,24.72,38.3
dish_1565369938,11.27,8.9
dish_1565369971,17.37,21.1
dish_1565370004,19.87,29.7
dish_1565378680,11.78,8.7
dish_1565378731,16.75,18.3
dish_1565378770,19.74,24.5
dish_1565379251,10.54,6.9
dish_1565379320,16.51,17.3
dish_1565379377,23.82,31.1
dish_1565379788,12.23,9.4
dish_1565379827,19.72,22.2
dish_1565379868,24.44,33.4
dish_1565382733,10.8,8.7
dish_1565382762,12.82,12.1
dish_1565382803,13.97,14.8
dish_1565382833,16.68,18.8
dish_1565382856,22.07,28.0
dish_1565382886,23.44,35.5
dish_1565382969,21.01,33.8
dish_1565382995,21.39,34.9
dish_1565383026,22.57,40.5
dish_1565383062,22.53,41.0
dish_1565383097,23.21,42.0
dish_1565383128,23.94,42.9
dish_1565383159,24.08,43.3
dish_1565627751,8.97,5.5
dish_1565627800,15.74,17.0
dish_1565637123,14.55,17.2
dish_1565637162,20.8,30.4
dish_1565637504,9.32,5.4
dish_1565637548,16.35,14.4
dish_1565637578,17.84,19.0
dish_1565637608,17.73,20.6
dish_1565638287,14.95,16.3
dish_1565638323,19.45,26.3
dish_1565638365,22.87,37.9
dish_1565638478,12.69,11.6
dish_1565638515,16.58,18.2
dish_1565638550,18.35,21.4
dish_1565638599,22.14,30.5
dish_1565640195,12.4,10.0
dish_1565640227,17.47,19.8
dish_1565640272,20.89,28.5
dish_1565640365,26.44,46.5
dish_1565640427,10.88,7.6
dish_1565640528,16.56,19.8
dish_1565640549,17.66,22.2
dish_1565640576,21.44,31.3
dish_1565640601,22.72,35.2
dish_1565640772,21.75,32.8
dish_1565640812,21.02,33.1
dish_1565640842,21.33,34.4
dish_1565640868,21.58,36.4
dish_1565640894,20.73,36.1
dish_1565640914,21.71,36.3
dish_1565641844,13.58,11.9
dish_1565641885,18.0,19.0
dish_1565641915,20.86,24.3
dish_1565641943,24.32,31.9
dish_1565711083,13.22,11.4
dish_1565711115,20.88,27.4
dish_1565711154,25.17,40.1
dish_1565711183,23.55,40.0
dish_1565711270,9.84,7.7
dish_1565711296,11.11,9.7
dish_1565711326,16.44,21.7
dish_1565711358,21.87,36.1
dish_1565711453,12.15,10.2
dish_1565711498,14.81,16.1
dish_1565711527,19.09,25.8
dish_1565711570,21.76,32.5
dish_1565721800,11.71,11.6
dish_1565721828,13.9,15.9
dish_1565721855,18.24,26.6
dish_1565724050,18.28,23.2
dish_1565724087,20.11,28.2
dish_1565724196,10.87,8.7
dish_1565724235,14.8,14.8
dish_1565724269,19.41,24.4
dish_1565724509,13.81,11.9
dish_1565724552,18.24,23.2
dish_1565724588,21.15,30.9
dish_1565724620,23.63,37.0
dish_1565725009,8.77,5.4
dish_1565725047,15.44,16.2
dish_1565725071,17.09,20.0
dish_1565725095,18.1,21.2
dish_1565725123,20.78,25.2
dish_1565725156,19.69,25.7
dish_1565725188,20.32,27.0
dish_1565725244,21.82,32.8
dish_1565726812,10.73,8.0
dish_1565726848,18.22,23.1
dish_1565726887,18.83,25.5
dish_1565726915,21.26,31.0
dish_1565726949,23.5,37.8
dish_1565727738,22.79,36.3
dish_1565727765,23.99,38.3
dish_1565727791,24.68,39.3
dish_1565727821,23.99,38.9
dish_1565727851,23.38,39.1
dish_1565727875,23.61,40.5
dish_1565727921,23.67,40.7
dish_1565728388,8.73,6.0
dish_1565728415,10.25,8.7
dish_1565728453,12.61,11.8
dish_1565728494,13.46,13.6
dish_1565728562,16.84,19.8
dish_1565728591,19.84,25.1
dish_1565728634,22.25,31.0
dish_1565728684,24.89,41.1
dish_1565797645,8.24,5.0
dish_1565797671,10.87,8.3
dish_1565797699,17.19,23.1
dish_1565797723,19.84,27.9
dish_1565798531,13.67,13.5
dish_1565798558,15.44,18.5
dish_1565798591,19.17,27.7
dish_1565798617,20.48,33.2
dish_1565799507,11.45,8.0
dish_1565799565,19.59,25.2
dish_1565799597,21.12,29.8
dish_1565799617,23.19,34.9
dish_1565799663,22.96,34.8
dish_1565808943,10.25,6.5
dish_1565808975,15.95,15.2
dish_1565809033,18.55,23.3
dish_1565809080,18.58,24.3
dish_1565809120,20.21,24.4
dish_1565810146,14.23,13.9
dish_1565810205,19.55,24.6
dish_1565810237,22.79,33.7
dish_1565810969,23.25,34.2
dish_1565811000,22.62,33.7
dish_1565811025,23.12,34.2
dish_1565811061,22.83,36.9
dish_1565811091,22.79,37.0
dish_1565811139,23.36,38.7
dish_1565811287,12.89,13.5
dish_1565811335,17.28,21.8
dish_1565811390,18.07,25.1
dish_1565811423,20.41,28.5
dish_1565811529,17.33,19.4
dish_1565811588,21.58,30.7
dish_1565812116,14.68,14.3
dish_1565812146,17.07,18.8
dish_1565812186,21.45,29.4
dish_1565813386,16.29,16.1
dish_1565813414,19.01,23.2
dish_1565813446,24.23,35.7
dish_1565884692,19.66,27.1
dish_1565884738,20.15,29.4
dish_1565884766,23.35,37.3
dish_1565884833,22.76,37.6
dish_1565894858,5.5,2.5
dish_1565894889,10.23,7.7
dish_1565894910,16.46,19.2
dish_1565895808,12.68,12.0
dish_1565895879,19.74,28.7
dish_1565895966,21.64,33.7
dish_1565896039,24.4,40.0
dish_1565896662,10.76,8.0
dish_1565896701,14.5,15.1
dish_1565896745,22.19,33.0
dish_1565897569,13.12,11.2
dish_1565897617,16.47,17.7
dish_1565897680,22.41,36.0
dish_1565898128,12.72,10.1
dish_1565898158,17.51,18.1
dish_1565898193,22.2,31.6
dish_1565898230,23.77,38.4
dish_1565898331,11.04,7.8
dish_1565898361,17.25,20.5
dish_1565898402,19.52,25.3
dish_1565898432,24.59,41.4
dish_1565898489,10.66,8.1
dish_1565898511,12.18,11.1
dish_1565898544,13.43,13.5
dish_1565898590,19.01,25.0
dish_1565898659,20.57,33.6
dish_1565898723,21.89,38.3
dish_1565898758,22.19,38.6
dish_1565972363,20.9,31.0
dish_1565972384,23.77,40.4
dish_1565972429,23.66,41.3
dish_1565972591,11.13,8.5
dish_1565972628,17.98,23.1
dish_1565972674,21.68,33.9
dish_1565972715,22.87,40.8
dish_1565974375,13.7,14.9
dish_1565974409,17.45,23.3
dish_1565981769,8.17,5.3
dish_1565981802,14.68,15.7
dish_1565981848,17.77,21.2
dish_1565981898,23.79,38.1
dish_1565984245,9.7,6.9
dish_1565984299,15.76,18.9
dish_1565984345,17.55,23.5
dish_1565984434,21.21,30.5
dish_1565986702,14.51,13.8
dish_1565986733,16.64,17.1
dish_1565987015,22.75,35.0
dish_1565987054,23.67,37.1
dish_1565987081,22.95,36.8
dish_1565987116,21.35,38.1
dish_1565987142,21.08,37.8
dish_1565987201,22.24,39.2
dish_1565987269,8.74,5.3
dish_1565987298,12.03,9.0
dish_1566316496,17.45,20.9
dish_1566316525,19.34,25.5
dish_1566316558,24.27,35.6
dish_1566316587,25.27,41.4
dish_1566316612,26.46,44.8
dish_1566316681,12.05,10.1
dish_1566316726,21.32,33.4
dish_1566316757,22.06,34.6
dish_1566317711,15.5,15.0
dish_1566317742,13.91,14.4
dish_1566317775,11.41,12.4
dish_1566317801,11.93,12.3
dish_1566328724,16.29,16.8
dish_1566328745,18.02,21.1
dish_1566328776,23.97,40.3
dish_1566328805,25.71,43.6
dish_1566328831,25.4,45.1
dish_1566328894,11.51,8.1
dish_1566328929,14.21,13.2
dish_1566328961,16.85,18.7
dish_1566328988,21.22,30.7
dish_1566329021,21.38,33.0
dish_1566329049,24.51,40.1
dish_1566329203,19.47,23.2
dish_1566329234,23.29,29.4
dish_1566329257,24.79,34.8
dish_1566330399,11.48,7.9
dish_1566330428,15.19,14.2
dish_1566330466,18.89,20.9
dish_1566331801,11.49,8.4
dish_1566331828,16.18,17.0
dish_1566331868,19.49,25.1
dish_1566331914,23.88,37.8
dish_1566332040,21.52,36.8
dish_1566332085,22.45,37.0
dish_1566332116,20.67,37.1
dish_1566332154,22.06,38.8
dish_1566332193,22.97,39.4
dish_1566332268,23.12,40.9
dish_1566333118,13.83,11.9
dish_1566333167,15.76,14.9
dish_1566333194,17.44,18.9
dish_1566333228,23.65,33.3
dish_1566333255,24.93,38.0
dish_1566333291,26.16,42.0
dish_1566333324,28.53,49.5
dish_1566402041,19.77,27.7
dish_1566402095,21.46,34.2
dish_1566402123,24.32,42.3
dish_1566402160,24.89,43.4
dish_1566402197,24.85,44.2
dish_1566402232,25.37,44.6
dish_1566413321,22.99,35.8
dish_1566413356,22.42,33.7
dish_1566413388,22.61,36.5
dish_1566413419,23.69,37.6
dish_1566413445,22.21,38.3
dish_1566413469,23.41,37.1
dish_1566413510,23.33,37.7
dish_1566414225,12.46,9.2
dish_1566414291,17.64,18.0
dish_1566414342,21.65,29.6
dish_1566414412,26.38,44.2
dish_1566414611,11.12,8.4
dish_1566414642,14.09,13.8
dish_1566414686,17.86,28.4
dish_1566414723,20.95,33.1
dish_1566414754,20.46,33.2
dish_1566414780,22.99,41.8
dish_1566414891,18.32,23.2
dish_1566414924,21.26,30.2
dish_1566415520,16.99,19.7
dish_1566415558,20.47,25.8
dish_1566415591,23.26,33.7
dish_1566416299,13.47,12.3
dish_1566416339,17.11,18.6
dish_1566416388,20.44,26.7
dish_1566416421,22.24,30.6
dish_1566416455,22.66,32.5
dish_1566416701,14.22,11.9
dish_1566417398,18.8,26.0
dish_1566417442,20.85,29.9
dish_1566417475,21.01,30.3
dish_1566417516,24.1,41.2
dish_1566419510,12.95,11.9
dish_1566419546,19.23,22.7
dish_1566419577,20.33,26.7
dish_1566419603,21.56,30.3
dish_1566419635,24.63,38.1
dish_1566488905,12.26,9.4
dish_1566488928,14.08,12.1
dish_1566488956,21.78,35.7
dish_1566488981,21.96,35.8
dish_1566499564,7.13,4.0
dish_1566499633,17.38,23.6
dish_1566499686,21.22,34.9
dish_1566500963,22.17,34.9
dish_1566500988,21.25,32.9
dish_1566501012,21.01,36.6
dish_1566501041,21.67,37.7
dish_1566501067,22.4,37.5
dish_1566501126,22.47,40.1
dish_1566501153,22.86,40.2
dish_1566501258,11.87,8.4
dish_1566501293,12.44,9.8
dish_1566501324,15.77,16.0
dish_1566501352,16.93,16.7
dish_1566501382,19.51,22.2
dish_1566501447,19.48,22.4
dish_1566501473,19.18,22.7
dish_1566501575,19.18,22.8
dish_1566501594,19.09,23.1
dish_1566502000,17.96,21.6
dish_1566502033,19.24,25.5
dish_1566502061,22.0,33.8
dish_1566502271,23.2,36.1
dish_1566502315,26.3,44.6
dish_1566502437,17.95,21.4
dish_1566502472,18.91,24.9
dish_1566502505,22.7,32.0
dish_1566502537,23.0,34.1
dish_1566502573,25.79,41.9
dish_1566587102,9.93,6.8
dish_1566587143,14.1,13.6
dish_1566587182,21.64,32.4
dish_1566587689,19.51,26.9
dish_1566587714,21.12,31.6
dish_1566587958,12.16,9.8
dish_1566588016,18.64,23.0
dish_1566588066,20.68,28.6
dish_1566589933,13.2,11.1
dish_1566589967,18.2,21.1
dish_1566590007,22.35,31.1
dish_1566590056,26.88,43.7
dish_1566590536,8.69,5.5
dish_1566590566,12.89,11.6
dish_1566590946,15.19,14.0
dish_1566590987,20.08,24.3
dish_1566591048,21.19,29.1
dish_1566591080,22.18,35.5
dish_1566592456,16.49,16.5
dish_1566835603,10.04,6.4
dish_1566835641,20.24,29.3
dish_1566835701,21.97,32.7
dish_1566838286,11.68,9.1
dish_1566838317,15.93,18.1
dish_1566838351,16.56,21.5
dish_1566838378,19.23,27.9
dish_1566838407,18.75,29.0
dish_1566844766,19.1,23.2
dish_1566844803,22.2,30.3
dish_1566844850,24.72,37.7
dish_1566846997,13.62,12.8
dish_1566847043,20.6,31.9
dish_1566847431,7.97,4.7
dish_1566847454,13.33,12.4
dish_1566847483,20.25,26.4
dish_1566849208,22.18,36.6
dish_1566849233,22.5,39.0
dish_1566849269,23.66,40.4
dish_1566849295,22.28,40.5
dish_1566849327,22.03,42.6
dish_1566849387,24.78,41.4
dish_1566849862,11.51,7.2
dish_1566849895,16.21,17.1
dish_1566849923,17.17,19.4
dish_1566849955,17.87,22.3
dish_1566849987,20.97,28.3
dish_1566850031,21.65,30.4
dish_1566850099,16.93,19.3
dish_1566850142,21.43,29.9
dish_1566851115,14.41,17.7
dish_1566851155,19.69,29.0
dish_1566851198,22.46,35.5
dish_1566851222,24.56,39.7
dish_1566851549,11.96,10.1
dish_1566851584,19.61,25.2
dish_1566851616,20.53,28.6
dish_1566851677,23.37,33.2
dish_1566851704,25.79,38.2
dish_1566920304,22.99,34.2
dish_1566920339,23.87,40.4
dish_1566920365,23.96,39.9
dish_1566922978,12.16,9.5
dish_1566923004,15.03,13.5
dish_1566923030,20.19,23.1
dish_1566923060,22.62,29.9
dish_1566931116,13.37,11.4
dish_1566931140,16.57,16.4
dish_1566931179,20.98,29.4
dish_1566931217,22.17,34.9
dish_1566931482,22.0,34.8
dish_1566931519,21.21,37.0
dish_1566931548,22.06,37.4
dish_1566931586,22.93,39.1
dish_1566931620,23.08,40.1
dish_1566931650,23.35,40.6
dish_1566931674,22.77,40.2
dish_1566933180,8.64,5.4
dish_1566933226,15.68,15.9
dish_1566933401,11.26,10.0
dish_1566933454,20.26,31.8
dish_1566933498,22.8,36.3
dish_1566934057,16.26,17.5
dish_1566934085,18.63,22.1
dish_1566934120,20.39,25.7
dish_1566934152,21.63,29.6
dish_1566934366,7.33,3.9
dish_1566934401,16.94,18.7
dish_1566934430,18.42,22.0
dish_1566934455,19.44,24.9
dish_1566934487,21.4,30.4
dish_1566936266,10.42,7.8
dish_1566936297,14.69,15.6
dish_1566936323,16.82,19.9
dish_1566936352,20.61,27.5
dish_1566937992,12.95,12.7
dish_1566938026,14.96,18.5
dish_1566938059,17.35,23.3
dish_1566938088,20.62,34.3
dish_1567007719,7.28,3.5
dish_1567007751,10.13,7.1
dish_1567007783,11.51,8.8
dish_1567007814,13.07,11.5
dish_1567007848,15.28,15.8
dish_1567019993,7.88,4.5
dish_1567020054,13.55,11.8
dish_1567020091,21.3,30.8
dish_1567020340,17.59,21.2
dish_1567020366,18.69,24.5
dish_1567020394,21.25,29.4
dish_1567020417,23.83,36.3
dish_1567021799,17.87,23.6
dish_1567021831,21.4,30.1
dish_1567021864,22.72,33.6
dish_1567022147,14.07,12.2
dish_1567022180,14.7,14.9
dish_1567022212,15.59,16.2
dish_1567022251,16.96,19.4
dish_1567022296,19.95,25.5
dish_1567022338,20.2,26.7
dish_1567022383,21.74,29.3
dish_1567023110,7.07,4.5
dish_1567023132,11.5,9.5
dish_1567023161,14.3,15.1
dish_1567023184,18.41,23.6
dish_1567023262,13.56,11.6
dish_1567023296,17.96,21.4
dish_1567023335,20.33,27.7
dish_1567023375,24.26,37.1
dish_1567024066,12.28,11.7
dish_1567024112,13.34,14.3
dish_1567024135,16.0,17.5
dish_1567024187,19.83,25.9
dish_1567024224,21.39,31.5
dish_1567024252,23.91,40.7
dish_1567106594,8.6,5.0
dish_1567106620,13.28,13.6
dish_1567106646,15.33,18.0
dish_1567106668,15.69,19.7
dish_1567106693,19.37,25.0
dish_1567106794,13.52,12.5
dish_1567106825,15.13,15.3
dish_1567106870,19.43,24.6
dish_1567107839,10.27,8.8
dish_1567107989,18.87,22.1
dish_1567108037,22.2,31.3
dish_1567110519,16.83,20.3
dish_1567110556,17.93,24.6
dish_1567110631,21.46,31.6
dish_1567110665,24.67,42.5
dish_1567110756,9.25,6.0
dish_1567110783,14.39,14.2
dish_1567110811,19.11,25.0
dish_1567525637,16.11,18.8
dish_1567525712,19.45,27.7
dish_1567525744,22.49,33.9
dish_1567526738,19.49,27.3
dish_1567526785,20.83,32.5
dish_1567526814,21.95,39.8
dish_1567526845,22.43,41.9
dish_1567526888,22.85,42.0
dish_1567537185,14.44,12.6
dish_1567537212,18.12,20.9
dish_1567537252,20.54,26.6
dish_1567537280,25.31,37.1
dish_1567537352,16.57,20.0
dish_1567537422,20.95,32.9
dish_1567537457,23.89,41.0
dish_1567538263,15.3,16.9
dish_1567538303,20.02,28.4
dish_1567542778,13.18,11.6
dish_1567542813,14.76,15.4
dish_1567542843,17.7,21.1
dish_1567542876,20.12,26.5
dish_1567542914,21.35,29.4
dish_1567542953,22.22,31.9
dish_1567542986,28.97,46.8
dish_1567612954,12.16,9.6
dish_1567612986,21.54,29.3
dish_1567613019,22.3,35.1
dish_1567613057,21.7,35.6
dish_1567625294,6.29,3.2
dish_1567625343,12.51,10.4
dish_1567625392,19.7,28.6
dish_1567625434,22.93,37.1
dish_1567628069,14.17,13.3
dish_1567628099,18.75,21.9
dish_1567628157,22.23,34.1
dish_1567628193,24.97,41.6
dish_1567629081,11.69,10.0
dish_1567629106,19.42,25.3
dish_1567785130,11.59,9.7
dish_1567785165,14.3,13.9
dish_1567785223,19.27,23.1
dish_1567785622,8.43,4.9
dish_1567785654,11.13,7.7
dish_1567785709,15.17,14.5
dish_1567785739,15.92,17.0
dish_1567785778,17.96,20.3
dish_1567789154,11.16,8.8
dish_1567789190,16.78,18.8
dish_1567789230,18.36,24.1
dish_1567789256,19.01,24.8
dish_1567801468,16.46,16.5
dish_1567801520,20.33,26.0
dish_1567801716,9.17,4.7
dish_1567801748,11.26,7.3
dish_1567801791,13.54,10.0
dish_1567801830,17.32,16.7
dish_1568044496,11.51,8.9
dish_1568044528,15.76,16.9
dish_1568044581,21.87,35.4
dish_1568044634,21.11,36.7
dish_1568047932,10.8,7.7
dish_1568047973,19.49,25.9
dish_1568048018,22.35,32.9
dish_1568048053,22.75,36.3
dish_1568055963,9.88,5.9
dish_1568055986,12.69,11.7
dish_1568056019,14.87,14.0
dish_1568056046,14.82,15.9
dish_1568056217,19.67,22.5
dish_1568056258,20.34,24.9
dish_1568060414,13.08,12.6
dish_1568060461,18.72,24.0
dish_1568060501,22.44,33.1
dish_1568060542,23.23,37.9
dish_1568060616,21.0,32.1
dish_1568060646,21.94,32.8
dish_1568060697,22.27,33.9
dish_1568060722,21.95,34.9
dish_1568060746,22.19,35.0
dish_1568061097,10.56,8.1
dish_1568061145,16.37,20.6
dish_1568061174,19.18,26.7
dish_1568061202,20.67,30.2
dish_1568061234,22.26,34.3
dish_1568061272,23.0,36.3
dish_1568061320,24.2,41.0
dish_1568305198,16.49,17.3
dish_1568305225,21.57,30.5
dish_1568305257,23.79,40.3
dish_1568313487,22.73,39.3
dish_1568313527,23.01,39.9
dish_1568313575,23.35,41.2
dish_1568313640,23.56,42.1
dish_1568313676,24.02,42.8
dish_1568314823,10.28,8.2
dish_1568314857,14.34,14.0
dish_1568314907,17.97,20.6
dish_1568314951,19.36,22.5
dish_1568315001,20.47,26.3
dish_1568315040,22.59,32.3
dish_1568315088,24.19,35.0
dish_1568315132,24.86,37.0
dish_1568315177,25.18,41.5
dish_1568315988,10.33,7.2
dish_1568316041,20.01,25.1
dish_1568316085,22.49,32.1
dish_1568318286,21.75,36.8
dish_1568318316,23.33,37.6
dish_1568318361,23.77,39.4
dish_1568318408,22.84,38.1
dish_1568318480,23.29,38.2
dish_1568319725,16.43,19.0
dish_1568319769,20.15,26.4
dish_1568319838,23.27,34.5
dish_1568319899,23.62,38.3
dish_1568320296,11.91,10.4
dish_1568320338,15.08,16.4
dish_1568320383,18.69,21.6
dish_1568320427,21.76,27.8
dish_1568320470,27.03,41.4
dish_1568400935,21.9,36.9
dish_1568400967,23.26,36.9
dish_1568401018,22.32,37.5
dish_1568401064,25.19,45.9
dish_1568401090,23.89,43.5
dish_1568401167,15.48,17.4
dish_1568401199,15.21,17.2
dish_1568401233,21.03,28.8
dish_1568401261,20.67,30.0
dish_1568401302,23.21,38.9
dish_1568404850,13.69,11.2
dish_1568404889,18.16,20.8
dish_1568405183,13.83,15.1
dish_1568405214,19.41,27.5
dish_1568405273,23.13,35.8
dish_1568405306,23.71,39.2
dish_1568405405,15.4,15.1
dish_1568405430,17.33,19.5
dish_1568405466,19.24,23.9
dish_1568405499,21.35,30.4
dish_1568649312,9.39,6.2
dish_1568649354,12.26,10.9
dish_1568649387,14.55,14.7
dish_1568649430,17.61,21.0
dish_1568660810,8.94,5.5
dish_1568664931,16.24,19.6
dish_1568664972,19.77,27.8
dish_1568665012,20.4,31.6
dish_1568665052,22.45,35.3
dish_1568665935,10.32,6.7
dish_1568665970,18.39,20.4
dish_1568666000,20.58,27.1
dish_1568666032,21.36,29.6
dish_1568666061,21.63,32.1
dish_1568666089,22.65,37.7
dish_1568666184,22.63,35.8
dish_1568666230,23.83,38.7
dish_1568666263,23.12,38.9
dish_1568666303,23.22,40.3
dish_1568666329,23.26,40.4
dish_1568666357,23.27,40.3
dish_1571931457,6.11,3.8
dish_1571931482,13.26,18.5
dish_1571931594,7.94,5.6
dish_1571931648,13.56,18.3
dish_1571931678,16.2,22.5
dish_1571931763,9.57,6.2
dish_1571931782,10.82,9.2
dish_1571932341,6.73,3.9
dish_1571932375,10.2,8.8
dish_1571932398,12.38,14.0
dish_1571932448,8.71,9.9
dish_1571934124,9.35,8.1
dish_1571934154,14.53,17.9
dish_1571934465,9.43,10.1
dish_1571934494,9.66,8.9
dish_1571935085,7.29,4.4
dish_1571935895,9.64,8.4
dish_1571944214,12.51,11.8
dish_1571944238,15.63,18.4
dish_1571944487,8.16,6.4
dish_1571944507,9.84,10.4
dish_1571944531,12.09,15.7
dish_1571944549,12.56,16.2
dish_1571944571,14.47,20.5
dish_1571944648,9.21,7.6
dish_1571945939,10.6,8.3
dish_1571946018,10.67,8.2
dish_1571946063,15.06,20.8
dish_1571946265,9.24,6.7
dish_1571946303,13.8,15.0
dish_1571946737,10.92,9.0
dish_1571946767,13.12,13.8
dish_1572021459,8.81,7.1
dish_1572021481,10.92,10.1
dish_1572021506,14.57,16.1
dish_1572029300,8.38,6.1
dish_1572031211,11.69,10.4
dish_1572031254,14.61,17.0
dish_1572031580,7.16,4.7
dish_1572031606,10.52,9.0
dish_1572032323,7.93,5.8
dish_1572033988,10.12,9.6
dish_1572034012,13.76,15.0
dish_1572035271,8.51,5.7
dish_1572035321,12.38,11.4
dish_1572035359,15.47,17.2
dish_1572278894,13.01,13.5
dish_1572278943,15.2,16.6
dish_1572278972,16.66,21.8
dish_1572279989,9.8,9.4
dish_1572280018,10.51,8.8
dish_1572291671,10.37,7.7
dish_1572291695,14.25,14.2
dish_1572291722,16.4,16.9
dish_1572365415,8.88,9.6
dish_1572365610,11.99,13.2
dish_1572376754,9.5,7.4
dish_1572376778,10.35,9.9
dish_1572379407,8.01,5.6
dish_1572453675,7.08,4.1
dish_1572453701,12.91,12.4
dish_1572453726,15.25,16.8
dish_1572453753,18.85,24.5
dish_1572453962,9.42,8.7
dish_1572454041,9.36,9.4
dish_1572462136,19.08,28.2
dish_1572464284,8.04,5.3
dish_1572464329,6.14,2.9
dish_1572464354,7.29,4.4
dish_1572464400,17.25,26.6
dish_1572464692,5.17,2.3
dish_1572538087,14.37,18.1
dish_1572538461,12.97,12.0
dish_1572540136,8.28,5.6
dish_1572540173,11.43,11.8
dish_1572540208,15.43,17.5
dish_1572540238,15.58,19.2
dish_1572540876,8.15,5.5
dish_1572540910,13.4,15.4
dish_1572540934,14.88,19.6
dish_1572541487,9.83,7.8
dish_1572548822,9.69,7.6
dish_1572548878,11.63,10.3
dish_1572550690,9.67,8.2
dish_1572550743,12.37,15.7
dish_1572552638,8.9,7.3
dish_1572625763,11.93,11.4
dish_1572625810,13.15,14.7
dish_1572625859,17.01,21.6
dish_1572625898,17.3,22.5
dish_1572627130,12.92,14.2
dish_1572627152,15.27,17.3
dish_1572886987,7.24,3.9
dish_1572887017,15.44,17.9
dish_1572889151,10.39,8.7
dish_1572889747,10.53,7.8
dish_1572901583,10.66,8.3
dish_1572974428,9.65,7.8
dish_1572984706,12.25,11.0
dish_1572984755,16.22,18.8
dish_1572984792,18.23,22.0
dish_1572988741,9.94,7.5
dish_1572988785,12.43,13.2
dish_1573060410,8.45,5.6
dish_1573072381,10.84,7.7
dish_1573072410,16.24,16.8
dish_1573072447,17.05,23.8
dish_1573072479,19.76,29.2
dish_1573073600,11.29,8.5
dish_1573073666,10.91,9.0
dish_1573073699,14.33,14.8
dish_1573073741,17.51,23.9
dish_1573147034,10.3,9.5
dish_1573156908,10.32,8.1
dish_1573156961,17.46,25.5
dish_1573159511,7.9,5.5
dish_1573159868,11.24,9.1
dish_1573159903,14.02,14.1
dish_1573161475,10.69,9.0
dish_1573232405,9.62,9.2
dish_1573232434,14.02,15.1
dish_1573232461,18.89,25.7
dish_1573232499,19.43,30.7
dish_1573232835,10.35,8.1
dish_1573233271,9.67,8.9
dish_1573233324,14.17,15.7
dish_1573234760,7.54,5.1
dish_1573243053,9.28,7.0
dish_1573491305,7.71,5.4
dish_1573491330,10.99,10.3
dish_1573492999,7.67,4.9
dish_1573503054,10.94,9.0
dish_1573505208,12.63,12.0
dish_1573506378,9.01,6.8
dish_1573579355,9.48,7.5
dish_1573579406,13.64,13.2
dish_1573579439,15.98,19.2
dish_1573579470,16.08,19.8
dish_1573579635,9.04,7.1
dish_1573665025,12.83,12.9
dish_1573665056,14.53,17.1
dish_1573665080,16.94,21.3
dish_1573666680,9.99,7.8
dish_1573679065,8.79,7.4
dish_1573679099,11.23,12.0
dish_1573760161,11.41,9.9
dish_1573760187,16.16,21.2
dish_1573762582,13.65,15.8
dish_1573762622,17.91,24.4
dish_1573763118,10.29,8.5
dish_1573763139,16.15,18.6
dish_1573764136,12.73,13.9
dish_1573764183,14.82,19.2
dish_1573848236,7.61,4.8
dish_1573848859,13.34,14.4
dish_1573849852,13.47,13.3
dish_1573849915,16.2,18.4
dish_1573849990,15.72,20.8
dish_1573851578,13.46,13.8
dish_1573851651,17.64,23.0
dish_1574097565,10.05,8.0
dish_1574097587,12.05,11.1
dish_1574098164,10.0,9.5
dish_1574098218,12.02,15.5
dish_1574098245,14.63,20.4
dish_1574109245,9.56,8.3
dish_1574111587,13.46,16.9
dish_1574184971,5.06,2.2
dish_1574193218,8.76,6.6
dish_1574193262,14.46,15.9
dish_1574193316,16.3,19.7
dish_1574197731,11.19,10.6
dish_1574269354,8.74,7.0
dish_1574269685,11.96,11.1
dish_1574280343,9.05,8.0
dish_1574280383,11.73,10.9
dish_1574281837,6.15,3.0
dish_1574357682,8.02,5.4
dish_1574359130,10.69,8.8
dish_1574359160,13.95,14.9
dish_1574359199,17.07,21.7
dish_1574369148,7.3,4.7
dish_1574443234,13.14,12.2
dish_1574443257,15.42,17.8
dish_1574443421,6.73,4.6
dish_1574444158,12.41,13.2
dish_1574455444,9.73,7.8
dish_1574455483,11.34,10.3
dish_1574702427,10.93,9.9
dish_1574702473,14.52,18.4
dish_1574711418,10.11,7.7
dish_1574711451,13.45,12.6
dish_1574711517,15.88,17.4
dish_1574711589,18.13,21.9
dish_1574720429,7.38,4.3
dish_1574728191,15.73,19.8
dish_1574728229,18.71,28.3
dish_1575307466,8.4,4.9
dish_1575307819,13.07,13.1
dish_1575307845,15.96,18.6
dish_1575308389,10.23,10.0
dish_1575393132,13.83,15.4
dish_1575404926,7.23,4.3
dish_1575407477,7.64,5.2
dish_1575478635,12.72,12.0
dish_1575478663,15.83,17.7
dish_1575481406,5.71,2.7
dish_1575481443,12.18,11.5
dish_1575653017,7.82,5.0
dish_1575664962,7.78,5.0
dish_1575923584,12.63,12.0
dish_1575923893,8.63,6.8
dish_1575997241,7.05,4.3
dish_1575997268,10.53,7.7
dish_1575998399,8.69,6.9
dish_1575999037,10.81,9.5
dish_1576100046,8.29,5.3
dish_1576171118,5.42,2.4
dish_1576171157,10.24,8.3
dish_1576171204,11.88,12.7
dish_1576171237,12.87,14.6
dish_1576183111,8.33,5.7
dish_1576258613,10.0,7.8
dish_1576258657,14.36,16.4
dish_1576258685,17.36,23.6
dish_1576259732,9.26,7.8
dish_1576259776,12.98,12.5
