dish_id,volume_cm3,food_coverage_pct,plane_inliers,mean_height_cm,max_height_cm,clipped_high_pct,geometry_confidence
dish_1556572657,53.06,3.6,0.948,1.05,1.79,0.0,0.996
dish_1556573514,199.47,8.4,0.995,1.73,3.6,0.0,1.0
dish_1556575014,92.58,6.3,0.987,1.08,1.6,0.0,0.999
dish_1556575083,194.34,4.5,0.926,2.2,3.39,0.0,0.997
dish_1556575124,62.32,4.2,0.996,0.9,2.35,0.0,0.998
dish_1556575273,392.01,14.7,0.68,1.54,2.84,0.0,1.0
dish_1556575327,360.66,14.3,0.787,1.6,3.44,0.0,0.991
dish_1556575386,549.92,12.9,0.481,2.12,4.8,0.0,0.985
dish_1556575446,349.18,14.4,0.703,1.48,3.51,0.0,0.979
dish_1556575499,251.77,14.8,0.842,1.38,3.17,0.0,0.995
dish_1556575558,350.2,15.3,0.878,1.47,3.26,0.0,0.998
dish_1556575700,70.32,5.0,0.954,1.26,1.96,0.0,0.99
dish_1557853154,531.86,3.9,0.68,3.32,4.77,0.0,0.996
dish_1557853229,41.2,8.2,0.839,0.22,1.22,0.0,0.994
dish_1557853314,236.71,6.0,0.505,1.18,3.09,0.0,0.976
dish_1557853429,28.71,20.5,0.479,0.07,1.3,0.0,0.998
dish_1557861605,215.04,2.6,0.877,1.61,3.09,0.0,0.999
dish_1557861697,380.54,5.5,0.583,1.77,4.37,0.0,0.992
dish_1557861795,114.49,7.0,0.697,0.56,2.64,0.0,0.998
dish_1557861837,373.16,13.5,0.468,1.52,3.9,0.0,0.964
dish_1557862345,131.83,5.8,0.59,0.43,2.99,0.0,0.991
dish_1557862696,235.65,6.9,0.805,0.87,3.23,0.0,0.997
dish_1557862738,1000.82,7.4,0.433,3.76,7.33,0.0,0.987
dish_1557862783,328.46,20.1,0.486,0.66,2.26,0.0,1.0
dish_1557862829,1042.22,12.0,0.684,2.65,6.17,0.0,0.992
dish_1557863012,202.82,4.5,0.447,1.41,2.9,0.0,0.976
dish_1557863056,184.13,4.3,0.701,1.48,3.14,0.0,1.0
dish_1557863104,211.27,4.4,0.592,1.6,2.78,0.0,0.991
dish_1557863170,566.24,20.7,0.532,1.5,4.86,0.0,0.971
dish_1557936555,216.35,8.3,0.837,1.54,3.56,0.0,0.973
dish_1557936599,608.84,6.6,0.654,4.04,6.1,0.0,0.979
dish_1557936645,147.61,3.2,0.93,2.32,3.94,0.0,0.952
dish_1557937037,422.65,4.6,0.597,2.78,5.12,0.0,0.975
dish_1557937079,361.76,5.2,0.767,3.24,5.42,0.0,0.998
dish_1557937157,2317.0,27.0,0.409,2.8,7.41,0.0,0.975
dish_1557937335,92.77,3.1,0.934,1.67,3.11,0.0,0.996
dish_1557937427,58.71,2.6,0.99,1.17,2.93,0.0,0.964
dish_1557937615,95.87,2.1,0.547,1.91,4.48,0.0,0.94
dish_1557937715,364.09,3.2,0.788,3.21,5.86,0.0,0.995
dish_1557937758,884.48,12.1,0.429,2.36,4.77,0.0,1.0
dish_1558026623,152.74,5.9,0.98,1.61,3.05,0.0,0.999
dish_1558026684,116.53,5.8,0.807,1.32,2.35,0.0,0.996
dish_1558026714,375.76,6.3,0.814,3.32,5.67,0.0,0.995
dish_1558026756,763.5,16.8,0.474,2.63,7.4,0.0,0.982
dish_1558027001,172.69,5.8,0.775,1.41,2.63,0.0,0.998
dish_1558027057,162.25,4.2,0.785,2.26,3.64,0.0,1.0
dish_1558027164,174.73,6.8,0.717,1.56,3.74,0.0,0.997
dish_1558027243,728.85,16.6,0.537,2.45,6.39,0.0,0.986
dish_1558028007,157.52,4.9,0.717,1.91,3.79,0.0,0.999
dish_1558028057,175.59,6.0,0.722,1.55,2.8,0.0,0.996
dish_1558028142,153.5,5.9,0.785,1.27,2.49,0.0,0.994
dish_1558028194,656.09,16.9,0.562,2.19,5.24,0.0,0.996
dish_1558028492,124.13,5.3,0.883,1.57,2.55,0.0,0.999
dish_1558028606,134.4,4.8,0.564,1.47,4.2,0.0,0.959
dish_1558028690,94.14,4.4,0.856,1.4,2.55,0.0,1.0
dish_1558028772,354.34,14.8,0.702,1.41,3.02,0.0,1.0
dish_1558029148,203.19,7.8,0.89,1.58,2.8,0.0,0.995
dish_1558029230,200.31,7.8,0.577,1.54,3.02,0.0,0.988
dish_1558029278,275.28,5.2,0.871,3.36,4.96,0.0,0.998
dish_1558029324,837.11,19.7,0.586,2.49,5.69,0.0,0.998
dish_1558029518,235.54,7.5,0.817,1.73,3.51,0.0,0.999
dish_1558029686,219.92,5.9,0.877,2.4,4.49,0.0,0.999
dish_1558029842,131.17,5.2,0.968,1.51,2.35,0.0,1.0
dish_1558029923,701.82,18.5,0.469,2.0,4.33,0.0,0.976
dish_1558030182,207.64,5.8,0.749,1.99,3.95,0.0,0.97
dish_1558030289,176.47,7.2,0.874,1.54,3.39,0.0,0.988
dish_1558030383,292.84,7.0,0.75,2.45,3.85,0.0,0.999
dish_1558030435,749.35,19.9,0.521,2.38,5.08,0.0,0.989
dish_1558030724,134.08,5.8,0.985,1.24,2.04,0.0,0.998
dish_1558030832,178.28,6.0,0.836,1.52,2.86,0.0,0.999
dish_1558030910,196.99,4.5,0.584,2.35,5.2,0.0,0.981
dish_1558030971,121.4,3.3,0.89,2.16,3.6,0.0,0.999
dish_1558031019,586.04,19.3,0.523,1.71,3.7,0.0,0.996
dish_1558031133,291.33,7.9,0.615,2.05,4.1,0.0,0.991
dish_1558031237,226.09,7.4,0.807,1.8,2.86,0.0,0.999
dish_1558031302,137.12,5.1,0.877,1.72,3.12,0.0,0.995
dish_1558031351,68.35,4.1,0.834,1.0,3.77,0.0,0.995
dish_1558031394,1491.35,24.4,0.364,3.05,6.33,0.0,0.991
dish_1558031526,149.66,4.9,0.879,1.7,3.13,0.0,0.999
dish_1558031566,170.41,6.0,0.805,1.94,3.33,0.0,0.991
dish_1558031628,195.38,7.5,0.849,1.54,2.86,0.0,1.0
dish_1558031675,756.7,18.6,0.492,2.09,4.75,0.0,0.998
dish_1558032156,117.3,6.2,0.787,1.17,2.58,0.0,1.0
dish_1558109864,135.74,6.6,0.92,1.14,1.99,0.0,0.996
dish_1558109907,125.36,4.5,0.85,1.6,2.57,0.0,0.988
dish_1558109945,317.33,4.3,0.92,5.18,6.45,0.0,0.997
dish_1558109986,161.46,6.9,0.814,1.64,3.09,0.0,0.977
dish_1558110245,140.7,3.6,0.565,1.92,3.36,0.0,0.988
dish_1558110297,109.04,3.6,0.696,1.64,2.79,0.0,0.996
dish_1558110335,90.93,3.0,0.451,0.89,2.85,0.0,1.0
dish_1558110385,74.95,3.4,0.8,0.87,2.34,0.0,0.995
dish_1558110436,117.69,4.9,0.62,1.21,3.22,0.0,0.997
dish_1558110478,674.61,16.0,0.52,1.91,4.45,0.0,0.994
dish_1558113154,73.79,3.9,0.739,1.04,2.63,0.0,0.994
dish_1558113204,57.72,5.1,0.584,0.47,1.6,0.0,0.984
dish_1558113255,239.82,5.9,0.413,2.11,4.57,0.0,0.998
dish_1558113304,659.39,15.6,0.613,2.16,4.33,0.0,1.0
dish_1558113430,200.79,12.7,0.488,1.04,3.99,0.0,0.916
dish_1558113477,35.47,6.4,0.512,0.26,1.24,0.0,0.998
dish_1558113941,303.57,18.8,0.504,1.24,3.73,0.0,0.968
dish_1558114086,381.65,3.9,0.902,5.41,6.31,0.0,0.988
dish_1558114145,59.31,6.1,0.465,0.43,1.77,0.0,0.95
dish_1558114209,207.35,6.0,0.468,1.53,3.35,0.0,0.999
dish_1558114284,1179.09,16.1,0.453,3.52,7.18,0.0,0.969
dish_1558114441,57.54,6.5,0.4,0.41,2.21,0.0,0.868
dish_1558114484,454.62,5.6,0.437,3.55,6.88,0.0,0.997
dish_1558114523,30.52,2.6,0.808,0.63,1.77,0.0,0.999
dish_1558114569,89.7,2.6,0.599,2.0,3.37,0.0,0.975
dish_1558114609,854.55,17.5,0.445,2.77,5.5,0.0,0.949
dish_1558114875,259.35,4.1,0.938,4.26,5.9,0.0,0.987
dish_1558114937,301.46,13.1,0.468,1.84,5.03,0.0,0.922
dish_1558115011,17.89,3.1,0.675,0.26,1.54,0.0,0.926
dish_1558115047,1025.1,20.0,0.564,3.56,8.57,0.0,0.985
dish_1558115169,820.9,6.0,0.422,4.19,7.76,0.0,0.85
dish_1558115241,186.64,6.8,0.415,1.16,3.91,0.0,0.835
dish_1558115282,248.16,4.0,0.894,4.14,5.83,0.0,0.981
dish_1558115320,47.45,4.6,0.63,0.42,2.04,0.0,0.995
dish_1558115364,999.29,19.9,0.463,2.62,5.77,0.0,0.987
dish_1558115448,136.33,6.7,0.383,1.1,3.86,0.0,0.981
dish_1558115512,177.63,8.4,0.518,1.25,3.4,0.0,0.95
dish_1558115601,153.37,6.4,0.399,1.26,4.44,0.0,0.974
dish_1558115641,1495.07,25.6,0.297,3.21,8.09,0.0,0.858
dish_1558115764,541.09,6.2,0.434,3.12,6.61,0.0,0.897
dish_1558115825,185.28,4.1,0.468,2.3,4.42,0.0,0.98
dish_1558115867,22.8,3.8,0.79,0.36,1.1,0.0,0.985
dish_1558115915,159.52,4.1,0.697,1.7,3.27,0.0,0.996
dish_1558115960,96.3,3.3,0.547,1.39,3.44,0.0,0.8
dish_1558116001,1631.39,21.0,0.343,3.97,8.54,0.0,0.883
dish_1558116090,108.35,5.6,0.733,1.22,3.25,0.0,0.942
dish_1558116146,57.63,7.8,0.358,0.35,2.57,0.0,0.929
dish_1558116201,279.06,7.1,0.352,1.81,5.77,0.0,0.792
dish_1558116260,208.16,7.3,0.369,1.02,2.89,0.0,0.998
dish_1558116298,512.12,29.1,0.535,1.11,4.99,0.0,1.0
dish_1558116399,155.34,8.5,0.608,1.6,6.25,0.0,0.964
dish_1558116436,141.39,3.2,0.623,1.59,3.42,0.0,0.957
dish_1558116486,110.61,4.0,0.591,1.78,3.33,0.0,0.97
dish_1558116547,283.63,4.0,0.941,4.35,5.21,0.0,0.996
dish_1558122583,177.38,3.7,0.618,2.46,4.11,0.0,0.995
dish_1558122740,1060.62,23.4,0.387,3.29,7.48,0.0,0.989
dish_1558372433,494.05,4.1,0.92,6.35,7.92,0.0,0.983
dish_1558372525,94.11,6.0,0.438,0.56,2.39,0.0,0.991
dish_1558372650,425.42,5.6,0.367,2.42,5.59,0.0,0.983
dish_1558372695,351.5,4.4,0.586,2.59,4.7,0.0,0.996
dish_1558372771,1093.35,18.7,0.407,2.61,8.5,0.0,0.999
dish_1558372948,29.59,8.9,0.463,0.1,1.26,0.0,0.984
dish_1558373008,468.5,4.9,0.472,2.92,6.16,0.0,0.987
dish_1558373074,379.0,4.1,0.946,5.42,7.04,0.0,0.929
dish_1558373159,866.2,21.5,0.456,2.64,7.4,0.0,0.964
dish_1558373284,259.37,8.2,0.403,1.44,5.36,0.0,0.969
dish_1558373352,183.55,7.1,0.357,1.06,2.79,0.0,0.982
dish_1558373405,95.51,3.4,0.621,1.31,2.73,0.0,0.994
dish_1558373449,89.3,7.5,0.4,0.3,2.07,0.0,0.914
dish_1558373492,251.22,28.4,0.306,0.55,3.99,0.0,1.0
dish_1558373639,342.8,5.0,0.449,2.12,4.54,0.0,0.992
dish_1558373687,172.04,5.9,0.36,1.14,3.51,0.0,0.905
dish_1558375506,435.2,4.0,0.886,5.52,7.12,0.0,0.92
dish_1558375583,2148.86,15.8,0.31,5.23,9.1,0.0,1.0
dish_1558375667,22.97,9.4,0.528,0.09,1.09,0.0,0.988
dish_1558375732,187.15,4.4,0.473,1.73,3.59,0.0,1.0
dish_1558375833,697.26,6.1,0.355,3.82,7.61,0.0,0.945
dish_1558375886,254.2,25.6,0.537,0.7,3.55,0.0,0.999
dish_1558376212,47.39,7.1,0.353,0.23,1.9,0.0,0.969
dish_1558376306,668.43,7.5,0.312,3.02,5.33,0.0,0.963
dish_1558376364,253.76,4.8,0.444,2.18,3.96,0.0,1.0
dish_1558376437,89.49,3.0,0.649,1.05,3.16,0.0,0.961
dish_1558376483,1139.77,25.3,0.44,2.22,4.4,0.0,0.989
dish_1558376734,330.97,4.1,0.506,2.89,4.58,0.0,1.0
dish_1558376768,611.28,4.0,0.896,7.4,8.82,0.0,0.986
dish_1558376801,134.43,2.3,0.852,1.6,3.97,0.0,0.999
dish_1558376874,17.17,7.2,0.415,0.08,1.24,0.0,0.902
dish_1558376938,345.14,5.1,0.349,2.88,5.2,0.0,0.957
dish_1558376984,787.14,24.4,0.408,1.88,7.35,0.0,0.964
dish_1558377105,161.63,8.3,0.388,0.79,3.3,0.0,0.998
dish_1558378516,238.17,8.4,0.386,0.9,2.83,0.0,0.953
dish_1558378553,85.31,7.6,0.352,0.36,2.28,0.0,0.897
dish_1558378634,225.93,27.7,0.459,0.5,3.07,0.0,1.0
dish_1558379128,115.24,3.6,0.55,1.51,3.31,0.0,0.983
dish_1558379182,17.53,7.5,0.416,0.08,1.15,0.0,0.965
dish_1558379273,437.91,5.0,0.459,3.3,6.09,0.0,0.974
dish_1558379324,91.11,3.7,0.525,1.06,2.89,0.0,0.984
dish_1558379391,485.13,21.1,0.47,1.41,4.24,0.0,0.991
dish_1558379588,620.78,4.0,0.917,7.45,9.29,0.0,0.982
dish_1558379639,615.2,8.0,0.331,3.21,7.44,0.0,0.855
dish_1558379712,4.41,9.6,0.508,0.02,0.66,0.0,0.989
dish_1558379876,3854.14,26.4,0.259,5.39,14.73,0.0,0.707
dish_1558380014,108.17,8.5,0.355,0.46,2.4,0.0,0.994
dish_1558380058,31.22,5.8,0.449,0.15,1.81,0.0,0.961
dish_1558380152,449.72,4.0,0.796,6.22,8.22,0.0,0.917
dish_1558380181,636.83,21.2,0.399,1.92,7.87,0.0,0.953
dish_1558380414,194.45,3.7,0.422,1.95,4.58,0.0,0.979
dish_1558380464,15.2,6.2,0.427,0.07,1.25,0.0,0.911
dish_1558380527,39.49,7.6,0.377,0.24,2.53,0.0,0.983
dish_1558380557,669.81,20.2,0.349,2.06,5.07,0.0,0.982
dish_1558380804,471.52,4.4,0.511,2.96,5.47,0.0,0.999
dish_1558381032,12.66,3.4,0.473,0.15,1.1,0.0,0.996
dish_1558381084,293.55,3.4,0.502,2.85,6.53,0.0,0.995
dish_1558381143,193.58,3.8,0.36,1.55,4.2,0.0,0.96
dish_1558381206,586.43,16.2,0.416,2.36,4.61,0.0,0.948
dish_1558381665,557.45,6.4,0.526,3.75,7.17,0.0,0.978
dish_1558381708,24.9,8.4,0.317,0.08,2.77,0.0,0.994
dish_1558381742,308.12,6.1,0.347,1.86,4.15,0.0,0.974
dish_1558381819,147.2,3.8,0.728,1.51,2.75,0.0,0.997
dish_1558381840,106.44,6.7,0.485,0.43,2.64,0.0,0.993
dish_1558381860,303.09,4.7,0.465,1.92,3.32,0.0,0.995
dish_1558381943,505.86,31.0,0.497,2.1,6.05,0.0,0.988
dish_1558382263,1160.41,37.9,0.328,2.09,6.05,0.0,0.952
dish_1558457415,596.25,5.5,0.375,2.31,5.75,0.0,0.933
dish_1558457468,152.34,4.4,0.504,1.1,3.48,0.0,0.97
dish_1558457530,332.23,6.3,0.443,1.47,3.87,0.0,0.974
dish_1558457577,109.3,8.7,0.493,0.39,2.66,0.0,0.991
dish_1558457665,400.29,21.4,0.733,1.14,3.31,0.0,0.999
dish_1558458438,653.15,12.6,0.374,2.34,6.35,0.0,0.938
dish_1558458496,299.82,5.3,0.33,1.57,4.93,0.0,0.831
dish_1558458541,34.04,7.0,0.405,0.15,1.25,0.0,1.0
dish_1558458584,564.64,20.9,0.434,1.57,5.05,0.0,0.969
dish_1558458737,170.71,5.2,0.685,1.0,3.05,0.0,0.982
dish_1558458847,448.53,4.1,0.928,6.26,8.1,0.0,0.971
dish_1558458903,58.6,3.4,0.616,0.65,2.88,0.0,1.0
dish_1558459020,200.92,3.4,0.565,2.53,3.74,0.0,0.991
dish_1558459059,125.62,2.7,0.715,1.56,3.0,0.0,0.987
dish_1558459115,829.91,17.8,0.437,2.24,6.88,0.0,0.958
dish_1558459276,460.02,9.1,0.548,1.35,5.34,0.0,0.988
dish_1558459395,51.15,5.9,0.501,0.27,1.38,0.0,0.96
dish_1558459462,283.24,5.6,0.526,1.78,3.3,0.0,0.991
dish_1558459528,187.89,3.8,0.448,1.79,2.76,0.0,0.996
dish_1558459602,119.86,9.8,0.531,0.56,3.52,0.0,0.976
dish_1558459664,479.6,31.4,0.375,0.67,3.52,0.0,0.983
dish_1558459945,462.22,4.0,0.815,5.76,7.26,0.0,0.942
dish_1558459994,79.37,2.5,0.512,1.35,2.84,0.0,0.987
dish_1558460061,151.4,6.7,0.408,0.65,2.28,0.0,1.0
dish_1558460138,135.44,3.1,0.575,2.28,3.51,0.0,0.993
dish_1558460205,506.69,7.3,0.433,2.29,6.01,0.0,0.789
dish_1558460908,1028.35,24.8,0.426,2.24,9.52,0.0,0.976
dish_1558461431,212.15,5.4,0.45,1.28,3.8,0.0,0.872
dish_1558461607,398.95,7.3,0.338,1.7,4.82,0.0,0.871
dish_1558461692,138.11,5.5,0.562,0.77,2.49,0.0,0.999
dish_1558461760,118.73,3.4,0.617,2.06,3.11,0.0,0.997
dish_1558461792,941.32,23.9,0.477,1.88,4.23,0.0,0.942
dish_1558462036,156.66,9.4,0.538,0.89,5.26,0.0,0.961
dish_1558462106,112.36,2.5,0.618,1.45,2.37,0.0,0.976
dish_1558462228,61.73,2.7,0.972,0.54,2.01,0.0,0.997
dish_1558462531,195.5,4.0,0.517,2.12,3.54,0.0,0.999
dish_1558463113,620.27,20.1,0.584,1.83,4.76,0.0,0.927
dish_1558463362,206.08,6.8,0.35,1.4,4.68,0.0,0.847
dish_1558463429,146.36,4.1,0.493,1.59,2.97,0.0,0.992
dish_1558463562,87.98,6.8,0.435,0.31,2.13,0.0,0.858
dish_1558463690,631.78,20.4,0.56,1.59,5.0,0.0,0.99
dish_1558468285,567.32,31.0,0.338,1.01,6.8,0.0,0.991
dish_1558468401,82.42,4.2,0.98,1.56,2.23,0.0,0.998
dish_1558468435,357.88,10.5,0.976,2.31,5.11,0.0,0.997
dish_1558468494,197.44,7.0,0.769,1.61,4.22,0.0,0.998
dish_1558468547,192.38,5.0,0.875,2.31,3.97,0.0,0.999
dish_1558468589,101.37,5.1,0.886,1.36,2.54,0.0,1.0
dish_1558468632,375.87,9.9,0.947,2.31,5.23,0.0,0.999
dish_1558468731,877.09,36.4,0.575,2.2,7.02,0.0,0.998
dish_1558544427,208.06,9.4,0.982,1.41,2.88,0.0,0.997
dish_1558544482,204.8,5.4,0.843,2.04,3.15,0.0,0.999
dish_1558544663,12.14,9.3,0.433,0.06,1.3,0.0,0.925
dish_1558544870,579.75,14.0,0.608,1.77,3.37,0.0,0.999
dish_1558545738,340.12,4.3,0.952,5.93,6.81,0.0,0.985
dish_1558546434,278.08,8.0,0.955,2.39,4.15,0.0,0.999
dish_1558546558,130.7,7.0,0.871,1.15,2.7,0.0,0.992
dish_1558546663,502.61,17.2,0.584,2.39,6.83,0.0,0.961
dish_1558546918,211.2,9.6,0.905,1.43,3.85,0.0,0.995
dish_1558547008,225.57,7.4,0.877,1.92,3.13,0.0,0.999
dish_1558547068,306.44,8.1,0.878,2.25,6.39,0.0,0.997
dish_1558547124,70.1,4.4,0.836,1.05,2.42,0.0,0.989
dish_1558547205,722.52,23.8,0.608,1.72,6.12,0.0,0.993
dish_1558548666,247.48,12.2,0.834,1.37,3.4,0.0,0.999
dish_1558548958,212.63,5.3,0.965,2.45,4.75,0.0,0.997
dish_1558549008,233.05,6.9,0.842,2.18,3.22,0.0,0.995
dish_1558549086,181.26,6.7,0.875,1.76,2.65,0.0,1.0
dish_1558549150,118.45,4.5,0.943,1.42,2.4,0.0,0.998
dish_1558549214,582.53,33.4,0.329,0.81,5.41,0.0,0.984
dish_1558549413,336.5,17.0,0.688,1.15,2.56,0.0,0.986
dish_1558549605,255.51,11.0,0.714,1.75,3.89,0.0,1.0
dish_1558549773,215.63,5.0,0.908,2.72,4.92,0.0,0.976
dish_1558549806,1240.92,28.5,0.316,2.53,5.68,0.0,0.966
dish_1558550079,312.36,4.3,0.935,5.13,6.17,0.0,0.997
dish_1558550127,74.63,4.1,0.824,1.02,2.17,0.0,0.976
dish_1558550181,62.47,2.9,0.906,1.41,2.1,0.0,0.986
dish_1558550218,317.0,10.8,0.758,1.76,4.61,0.0,0.975
dish_1558628339,167.27,3.5,0.847,2.78,3.88,0.0,0.997
dish_1558628515,195.36,4.7,0.825,2.08,3.3,0.0,0.992
dish_1558628711,328.42,8.5,0.828,2.27,4.75,0.0,1.0
dish_1558628760,975.83,16.4,0.517,2.92,10.05,0.0,0.985
dish_1558628888,164.61,8.1,0.945,1.3,2.49,0.0,0.998
dish_1558628921,168.9,6.7,0.833,1.22,2.82,0.0,0.999
dish_1558628956,183.31,8.7,0.863,1.33,2.92,0.0,0.995
dish_1558629013,162.67,6.3,0.98,1.66,3.67,0.0,0.995
dish_1558629041,500.9,24.5,0.518,1.01,3.48,0.0,0.988
dish_1558629398,158.33,3.8,0.802,2.42,3.24,0.0,1.0
dish_1558629444,131.5,6.8,0.874,1.27,2.39,0.0,0.996
dish_1558629488,205.92,6.2,0.972,2.83,5.3,0.0,1.0
dish_1558629517,623.56,17.0,0.663,2.17,5.67,0.0,0.993
dish_1558629578,281.01,9.7,0.757,2.1,4.16,0.0,1.0
dish_1558629644,311.14,15.6,0.809,1.58,3.77,0.0,1.0
dish_1558629677,336.92,4.3,0.778,5.38,6.4,0.0,0.995
dish_1558629715,1007.32,25.8,0.538,3.1,7.62,0.0,0.993
dish_1558629818,61.75,4.5,0.905,0.67,1.78,0.0,0.99
dish_1558629878,297.79,4.3,0.906,4.79,6.21,0.0,0.986
dish_1558630006,143.86,5.3,0.926,1.5,2.94,0.0,0.996
dish_1558630038,220.77,5.0,0.891,2.81,4.8,0.0,0.999
dish_1558630072,1839.69,17.9,0.497,4.45,10.01,0.0,0.974
dish_1558630176,289.65,4.4,0.842,5.21,6.38,0.0,0.991
dish_1558630207,324.45,13.6,0.794,1.48,3.33,0.0,0.994
dish_1558630288,217.08,11.3,0.734,1.32,3.77,0.0,0.989
dish_1558630325,982.05,28.5,0.647,2.2,8.69,0.0,1.0
dish_1558630450,298.01,9.2,0.817,1.85,2.87,0.0,0.999
dish_1558630488,154.38,7.5,0.904,1.48,3.18,0.0,0.999
dish_1558630600,306.16,4.2,0.916,5.1,6.16,0.0,0.984
dish_1558630649,1117.98,20.2,0.485,2.96,7.35,0.0,0.994
dish_1558630737,214.52,10.4,0.953,1.67,3.47,0.0,0.999
dish_1558630814,80.78,5.1,0.988,0.95,2.26,0.0,1.0
dish_1558630867,277.01,4.2,0.936,4.71,5.61,0.0,0.976
dish_1558630932,1240.22,20.8,0.446,3.16,10.59,0.0,0.956
dish_1558631825,120.72,5.1,0.908,1.53,2.37,0.0,0.991
dish_1558631872,246.92,6.8,0.695,2.25,3.38,0.0,0.985
dish_1558631904,409.91,4.3,0.945,5.78,7.39,0.0,1.0
dish_1558631932,751.01,16.4,0.426,2.77,6.53,0.0,0.989
dish_1558632080,125.58,2.7,0.802,2.53,3.8,0.0,0.947
dish_1558632130,169.96,6.7,0.776,1.74,3.48,0.0,1.0
dish_1558632198,430.33,8.9,0.725,2.45,5.6,0.0,0.973
dish_1558632233,898.42,19.6,0.473,2.6,5.37,0.0,0.998
dish_1558632445,267.37,16.8,0.856,1.02,2.26,0.0,0.998
dish_1558632475,148.06,5.1,0.826,2.12,2.88,0.0,0.99
dish_1558632799,80.71,2.4,0.973,2.36,3.15,0.0,0.991
dish_1558632921,283.83,4.4,0.859,5.18,6.45,0.0,0.994
dish_1558632959,200.67,6.8,0.836,1.82,3.1,0.0,0.983
dish_1558632990,294.5,9.6,0.917,2.3,4.66,0.0,0.982
dish_1558633158,376.63,9.4,0.703,2.07,4.55,0.0,0.998
dish_1558633221,761.7,30.9,0.308,1.44,5.79,0.0,0.963
dish_1558635400,271.61,9.9,0.731,1.8,5.62,0.0,0.999
dish_1558635489,105.84,5.1,0.98,1.78,2.94,0.0,0.999
dish_1558635523,162.94,5.7,0.816,1.55,3.53,0.0,1.0
dish_1558635546,313.06,4.2,0.931,5.77,7.03,0.0,0.985
dish_1558635618,1497.66,24.6,0.438,3.51,8.18,0.0,0.967
dish_1558635865,112.2,2.4,0.974,3.22,4.26,0.0,0.982
dish_1558635933,116.35,6.8,0.859,1.17,2.56,0.0,0.993
dish_1558635962,55.48,6.4,0.943,0.6,1.62,0.0,0.997
dish_1558635994,257.05,9.3,0.892,1.53,2.91,0.0,0.994
dish_1558636028,206.39,24.5,0.317,0.4,3.5,0.0,0.995
dish_1558636388,278.53,8.7,0.91,2.48,4.74,0.0,0.993
dish_1558636483,333.28,4.2,0.921,6.19,7.16,0.0,0.99
dish_1558636514,208.78,6.9,0.902,1.99,2.71,0.0,0.998
dish_1558636544,160.0,9.6,0.91,1.04,2.09,0.0,0.999
dish_1558636582,679.3,28.3,0.393,1.32,7.37,0.0,0.987
dish_1558636763,319.63,4.2,0.918,5.97,7.18,0.0,0.988
dish_1558636813,136.29,5.6,0.882,1.55,2.49,0.0,1.0
dish_1558636868,80.38,5.9,0.878,0.85,1.72,0.0,0.984
dish_1558636902,202.3,10.9,0.79,1.19,2.65,0.0,0.988
dish_1558636928,151.72,6.9,0.768,1.74,2.69,0.0,0.983
dish_1558636980,502.66,30.6,0.353,0.87,5.52,0.0,0.974
dish_1558637214,69.9,2.9,0.808,1.77,2.59,0.0,0.998
dish_1558637247,116.0,5.1,0.986,1.78,2.55,0.0,1.0
dish_1558637351,338.17,4.3,0.938,5.95,6.81,0.0,0.996
dish_1558637393,354.98,14.7,0.711,1.2,2.9,0.0,0.984
dish_1558637423,648.08,26.5,0.513,1.37,6.15,0.0,0.993
dish_1558637698,333.37,7.7,0.796,3.09,6.07,0.0,0.997
dish_1558637769,277.46,4.1,0.918,5.14,5.78,0.0,1.0
dish_1558637865,89.75,2.7,0.977,2.54,3.2,0.0,1.0
dish_1558637896,233.31,8.2,0.674,1.47,3.18,0.0,0.983
dish_1558637932,978.34,23.1,0.447,2.43,8.2,0.0,0.976
dish_1558638137,275.55,4.3,0.907,5.27,6.4,0.0,0.92
dish_1558638163,213.34,8.5,0.829,1.67,3.77,0.0,0.983
dish_1558638216,231.91,10.6,0.842,1.58,3.94,0.0,0.996
dish_1558638292,899.98,29.3,0.468,2.19,8.31,0.0,0.989
dish_1558638844,286.73,4.2,0.893,5.66,6.78,0.0,0.991
dish_1558638896,157.77,6.8,0.942,1.83,2.68,0.0,0.993
dish_1558638924,232.43,5.7,0.928,2.91,6.05,0.0,0.999
dish_1558638954,308.77,8.9,0.755,1.72,2.81,0.0,1.0
dish_1558638983,103.57,2.4,0.965,2.76,3.87,0.0,0.985
dish_1558639012,1196.83,26.9,0.361,1.95,7.83,0.0,0.998
dish_1558639089,81.44,4.0,0.774,1.21,2.07,0.0,0.999
dish_1558639138,237.58,10.4,0.82,1.5,3.65,0.0,0.998
dish_1558639167,272.17,4.2,0.918,5.56,7.01,0.0,0.989
dish_1558639195,899.22,21.3,0.447,2.78,8.04,0.0,0.969
dish_1558639221,324.89,10.1,0.753,2.19,5.02,0.0,0.957
dish_1558639266,96.82,2.7,0.965,2.69,3.44,0.0,0.947
dish_1558639306,235.06,9.9,0.964,1.76,3.38,0.0,0.999
dish_1558639335,293.61,4.1,0.91,5.72,6.5,0.0,1.0
dish_1558639362,927.58,26.7,0.33,2.24,6.15,0.0,0.994
dish_1558639412,175.07,7.6,0.763,1.23,2.58,0.0,0.981
dish_1558639440,216.67,4.2,0.689,4.12,5.31,0.0,0.832
dish_1558639482,92.65,2.7,0.957,2.51,3.46,0.0,0.881
dish_1558639526,204.59,7.5,0.925,1.8,4.29,0.0,0.997
dish_1558639555,1325.83,23.2,0.349,3.9,10.42,0.0,0.906
dish_1558639588,150.67,7.5,0.766,1.34,2.47,0.0,0.983
dish_1558639630,88.79,5.2,0.845,1.51,2.24,0.0,0.986
dish_1558639662,175.64,6.8,0.728,1.68,3.08,0.0,0.952
dish_1558639673,194.75,6.8,0.765,1.87,3.07,0.0,0.966
dish_1558639683,182.31,6.8,0.735,1.72,2.91,0.0,0.99
dish_1558639752,829.19,20.5,0.469,1.9,6.25,0.0,1.0
dish_1558639787,247.44,10.6,0.846,1.64,3.91,0.0,0.997
dish_1558639818,175.43,6.9,0.891,1.57,2.93,0.0,0.996
dish_1558639849,147.58,4.8,0.702,1.95,4.16,0.0,0.997
dish_1558639876,660.57,22.6,0.299,1.75,5.13,0.0,0.957
dish_1558639907,121.84,4.9,0.897,1.79,2.43,0.0,0.994
dish_1558639949,101.69,4.6,0.985,1.35,2.6,0.0,0.993
dish_1558639979,274.01,16.2,0.766,1.09,2.37,0.0,0.997
dish_1558640008,431.26,24.0,0.357,1.16,4.71,0.0,0.998
dish_1558640039,249.22,10.0,0.799,1.56,3.45,0.0,0.982
dish_1558640074,283.12,4.3,0.922,5.34,6.73,0.0,0.99
dish_1558640105,168.45,5.0,0.669,2.59,3.69,0.0,0.996
dish_1558640145,796.22,21.0,0.612,2.64,7.6,0.0,0.997
dish_1558640190,130.57,7.5,0.839,1.17,2.21,0.0,0.991
dish_1558640238,186.93,6.9,0.837,1.65,2.65,0.0,0.995
dish_1558640267,359.22,8.5,0.634,2.0,3.38,0.0,0.985
dish_1558640294,581.83,22.5,0.504,1.3,3.58,0.0,0.98
dish_1558640311,596.14,22.5,0.502,1.23,4.2,0.0,0.988
dish_1558640373,580.01,22.5,0.511,1.3,3.45,0.0,0.992
dish_1558640418,187.82,8.2,0.835,1.5,2.63,0.0,0.986
dish_1558640450,316.41,4.2,0.827,5.4,6.67,0.0,0.988
dish_1558640477,93.04,2.3,0.976,2.93,3.83,0.0,0.989
dish_1558640513,727.35,14.0,0.378,3.54,7.34,0.0,0.999
dish_1558640563,98.84,2.8,0.8,1.86,2.96,0.0,0.949
dish_1558640593,285.07,4.2,0.922,5.32,6.12,0.0,1.0
dish_1558640604,274.26,4.2,0.927,5.15,6.33,0.0,0.999
dish_1558640614,283.09,4.2,0.913,5.49,6.59,0.0,0.993
dish_1558640671,199.45,6.9,0.817,1.78,3.31,0.0,1.0
dish_1558640705,577.31,14.0,0.672,3.3,7.07,0.0,0.984
dish_1558640748,266.15,9.1,0.918,2.64,5.15,0.0,0.998
dish_1558640781,314.34,4.2,0.936,5.73,6.75,0.0,0.999
dish_1558640808,165.67,7.5,0.74,1.4,2.93,0.0,0.951
dish_1558640849,925.5,20.2,0.562,2.85,6.09,0.0,0.989
dish_1558640882,170.55,6.7,0.835,1.72,2.85,0.0,1.0
dish_1558640917,130.95,5.5,0.947,1.71,3.44,0.0,0.979
dish_1558640941,184.09,5.8,0.765,2.14,3.8,0.0,0.999
dish_1558640979,639.62,16.5,0.466,2.68,5.8,0.0,0.96
dish_1558641007,80.87,5.9,0.994,1.01,2.16,0.0,0.996
dish_1558641037,267.72,4.3,0.876,5.24,6.33,0.0,0.976
dish_1558641075,120.91,3.5,0.761,2.16,3.17,0.0,0.992
dish_1558641108,558.53,14.4,0.704,2.86,6.9,0.0,0.992
dish_1558641164,303.33,4.2,0.917,5.39,6.1,0.0,0.999
dish_1558641200,108.0,4.5,0.979,1.48,3.19,0.0,0.995
dish_1558641211,110.28,4.5,0.961,1.59,2.98,0.0,0.993
dish_1558641253,139.49,4.9,0.961,2.1,2.79,0.0,0.998
dish_1558641287,178.46,5.5,0.656,1.96,4.21,0.0,0.984
dish_1558641320,960.04,19.2,0.629,3.27,7.98,0.0,0.981
dish_1558641358,432.17,10.1,0.819,2.34,5.62,0.0,0.998
dish_1558641391,180.72,7.0,0.873,1.69,2.97,0.0,0.997
dish_1558641416,110.86,2.4,0.978,3.16,4.21,0.0,0.994
dish_1558641442,1669.57,18.7,0.42,4.17,7.99,0.0,1.0
dish_1558641897,147.72,5.2,0.853,1.93,3.53,0.0,0.978
dish_1558641926,330.53,4.2,0.874,6.39,7.23,0.0,0.981
dish_1558641954,185.24,5.3,0.841,2.21,3.53,0.0,0.991
dish_1558641989,307.68,8.5,0.933,2.69,5.08,0.0,0.998
dish_1558642021,1778.24,23.1,0.464,4.07,10.21,0.0,0.943
dish_1558642089,246.17,9.2,0.824,1.84,3.61,0.0,0.998
dish_1558642420,223.42,9.2,0.743,1.58,3.45,0.0,0.992
dish_1558642458,212.97,8.6,0.99,1.85,3.94,0.0,1.0
dish_1558642490,682.89,18.5,0.545,2.26,5.31,0.0,0.978
dish_1558717604,358.0,4.4,0.918,5.85,7.19,0.0,0.992
dish_1558717886,340.71,4.4,0.888,5.57,6.86,0.0,0.986
dish_1558718009,110.02,6.3,0.859,1.18,2.52,0.0,0.988
dish_1558718051,299.1,9.4,0.974,2.11,4.27,0.0,0.999
dish_1558718088,1083.36,23.4,0.308,2.88,8.25,0.0,0.998
dish_1558718587,205.61,6.4,0.978,2.35,3.87,0.0,0.999
dish_1558718610,125.03,4.9,0.785,1.77,2.69,0.0,0.991
dish_1558718649,185.45,6.3,0.832,1.93,3.76,0.0,1.0
dish_1558718680,114.91,7.4,0.989,1.07,2.17,0.0,0.995
dish_1558718906,381.88,22.3,0.316,0.94,5.03,0.0,0.998
dish_1558718974,229.86,11.1,0.768,1.21,2.22,0.0,0.996
dish_1558719040,131.15,6.1,0.891,1.35,2.88,0.0,0.999
dish_1558719066,287.74,4.1,0.912,5.36,6.29,0.0,0.991
dish_1558719097,143.99,5.2,0.872,1.78,3.38,0.0,0.996
dish_1558719145,632.09,25.1,0.375,1.59,6.4,0.0,0.992
dish_1558719298,93.18,8.4,0.94,0.8,1.6,0.0,0.992
dish_1558719336,266.25,9.1,0.873,2.23,4.03,0.0,0.998
dish_1558719377,310.57,4.1,0.926,5.53,6.4,0.0,0.98
dish_1558719401,117.68,2.5,0.949,2.8,3.87,0.0,0.999
dish_1558719514,1593.91,26.9,0.386,3.47,10.15,0.0,0.902
dish_1558719570,347.07,4.2,0.923,6.31,7.38,0.0,0.983
dish_1558719994,268.16,16.4,0.742,0.96,1.95,0.0,0.999
dish_1558720097,133.65,10.0,0.828,0.91,2.33,0.0,0.975
dish_1558720133,182.24,6.0,0.903,2.4,4.32,0.0,0.994
dish_1558720236,654.07,32.9,0.451,1.16,6.0,0.0,0.998
dish_1558720289,251.72,8.7,0.794,2.02,3.76,0.0,0.992
dish_1558720335,88.17,3.3,0.934,1.75,2.58,0.0,0.999
dish_1558720364,348.41,4.2,0.907,5.83,7.09,0.0,0.994
dish_1558720396,162.76,4.8,0.796,2.27,3.19,0.0,0.992
dish_1558721272,198.1,8.7,0.784,1.61,4.02,0.0,0.971
dish_1558721323,203.42,6.7,0.809,1.78,2.58,0.0,1.0
dish_1558721345,227.96,7.7,0.927,2.09,5.11,0.0,0.987
dish_1558721380,152.57,5.4,0.916,1.87,2.37,0.0,0.998
dish_1558721434,1434.54,26.0,0.444,2.85,8.12,0.0,0.979
dish_1558721484,70.32,2.6,0.889,1.92,2.9,0.0,0.997
dish_1558721533,92.44,4.3,0.912,1.33,2.42,0.0,0.999
dish_1558721559,221.47,8.4,0.766,1.77,3.49,0.0,0.997
dish_1558721587,162.4,4.6,0.966,2.65,4.86,0.0,0.991
dish_1558721636,708.88,19.5,0.49,2.18,4.83,0.0,0.981
dish_1558721669,239.05,9.7,0.779,1.75,4.07,0.0,0.994
dish_1558721700,170.23,5.9,0.774,1.68,3.29,0.0,0.988
dish_1558721726,313.45,4.2,0.922,5.32,6.57,0.0,0.996
dish_1558721757,393.61,14.6,0.745,1.49,3.26,0.0,0.986
dish_1558721827,1010.64,31.7,0.426,2.01,8.92,0.0,0.956
dish_1558721904,300.4,4.3,0.942,5.36,6.77,0.0,0.984
dish_1558721931,149.26,4.1,0.908,2.26,3.9,0.0,0.992
dish_1558721980,143.45,4.2,0.908,2.25,4.75,0.0,1.0
dish_1558722068,68.41,4.8,0.979,0.99,2.02,0.0,0.993
dish_1558722871,144.01,4.5,0.939,2.27,4.13,0.0,0.992
dish_1558722883,133.63,4.5,0.967,2.32,4.15,0.0,0.993
dish_1558722906,101.43,4.7,0.972,1.78,2.65,0.0,0.993
dish_1558722931,173.27,9.1,0.857,1.22,2.43,0.0,0.994
dish_1558722968,338.74,20.3,0.49,0.76,3.01,0.0,0.985
dish_1558723047,142.88,6.0,0.87,1.51,2.69,0.0,0.999
dish_1558723073,147.48,5.3,0.798,1.91,3.0,0.0,0.961
dish_1558723096,161.82,5.3,0.943,1.88,4.08,0.0,0.992
dish_1558723123,87.73,2.3,0.988,2.5,2.92,0.0,0.999
dish_1558723414,106.15,2.3,0.952,2.91,3.62,0.0,0.998
dish_1558723449,325.69,4.3,0.928,6.16,7.41,0.0,0.992
dish_1558723475,121.07,4.0,0.986,1.73,2.8,0.0,0.999
dish_1558723512,93.09,6.2,0.835,1.02,2.28,0.0,0.944
dish_1558723537,138.57,3.9,0.914,2.14,4.27,0.0,0.994
dish_1558723568,1238.71,18.5,0.361,3.98,9.94,0.0,0.945
dish_1558723639,125.91,5.1,0.757,1.61,3.56,0.0,0.978
dish_1558723671,334.33,9.8,0.771,2.06,4.69,0.0,0.999
dish_1558723695,117.45,4.7,0.958,2.33,2.92,0.0,0.999
dish_1558723719,43.76,3.8,0.988,0.85,1.46,0.0,0.991
dish_1558723742,1719.43,21.3,0.403,3.53,8.3,0.0,0.905
dish_1558723777,285.94,4.2,0.928,5.11,6.0,0.0,0.999
dish_1558723818,141.28,4.7,0.806,2.34,2.76,0.0,0.999
dish_1558723847,308.29,16.2,0.764,1.03,2.49,0.0,0.996
dish_1558723866,165.23,4.1,0.975,2.62,5.02,0.0,1.0
dish_1558723894,568.14,22.0,0.543,1.5,6.01,0.0,0.999
dish_1558723926,170.22,5.5,0.859,1.96,3.04,0.0,0.999
dish_1558723960,172.09,3.6,0.88,3.19,5.34,0.0,0.989
dish_1558723982,133.56,7.8,0.818,1.04,2.2,0.0,0.999
dish_1558724005,122.03,5.4,0.921,1.57,3.22,0.0,1.0
dish_1558724031,1770.26,20.9,0.42,3.75,9.25,0.0,0.944
dish_1558724574,512.08,8.1,0.696,3.08,4.84,0.0,1.0
dish_1558724607,264.03,7.0,0.832,2.56,4.25,0.0,0.999
dish_1558724633,532.8,11.9,0.686,2.87,6.07,0.0,0.989
dish_1558724658,4879.25,27.3,0.282,7.02,15.0,1.2,0.825
dish_1558724689,323.22,8.6,0.902,2.39,4.57,0.0,0.979
dish_1558724723,836.68,11.9,0.697,3.89,7.75,0.0,0.99
dish_1558724766,315.25,4.3,0.883,5.79,6.95,0.0,0.995
dish_1558724799,2113.96,23.3,0.348,5.95,9.97,0.0,0.991
dish_1558724853,368.25,7.8,0.693,2.5,4.25,0.0,0.992
dish_1558724891,334.36,4.3,0.934,5.82,7.09,0.0,0.997
dish_1558724912,257.29,9.3,0.89,1.78,4.1,0.0,0.992
dish_1558724932,188.43,8.5,0.814,1.45,2.62,0.0,0.998
dish_1558724959,2967.06,28.3,0.278,4.99,12.23,0.0,0.912
dish_1558724992,154.4,9.0,0.805,1.06,2.38,0.0,0.991
dish_1558725049,579.15,8.2,0.563,3.05,4.8,0.0,0.987
dish_1558725085,260.38,7.6,0.751,2.18,3.38,0.0,0.993
dish_1558725112,1305.55,25.0,0.404,2.43,6.31,0.0,0.984
dish_1558725193,333.09,12.7,0.9,1.49,3.78,0.0,0.999
dish_1558725226,210.08,8.4,0.989,1.79,4.28,0.0,0.996
dish_1558725253,779.21,9.8,0.661,4.15,7.13,0.0,0.996
dish_1558725286,1290.54,30.8,0.475,1.9,8.32,0.0,0.999
dish_1558725353,381.11,7.7,0.575,2.45,3.98,0.0,0.993
dish_1558725403,96.59,5.2,0.873,1.19,2.11,0.0,0.997
dish_1558725576,283.42,9.0,0.972,2.06,3.63,0.0,0.999
dish_1558725621,1824.0,28.0,0.372,2.89,5.74,0.0,0.997
dish_1558725702,423.56,7.7,0.728,2.88,5.29,0.0,0.993
dish_1558725734,222.73,9.8,0.781,1.45,2.82,0.0,0.998
dish_1558725760,262.58,4.1,0.912,4.71,5.43,0.0,0.984
dish_1558725786,100.36,4.7,0.817,1.52,2.89,0.0,0.999
dish_1558725829,613.44,26.2,0.489,1.4,5.37,0.0,0.971
dish_1559059924,125.74,4.6,0.807,1.86,3.46,0.0,0.999
dish_1559059954,93.2,4.6,0.913,1.48,3.09,0.0,0.999
dish_1559059992,146.15,6.4,0.953,1.67,2.83,0.0,1.0
dish_1559060055,156.04,6.2,0.865,1.68,3.53,0.0,0.999
dish_1559060106,740.61,17.6,0.554,2.24,5.16,0.0,0.998
dish_1559061675,138.21,5.2,0.976,1.61,2.16,0.0,0.999
dish_1559061752,335.16,11.7,0.865,2.1,4.9,0.0,0.998
dish_1559062005,135.9,6.9,0.663,1.21,3.37,0.0,0.993
dish_1559062051,138.39,6.1,0.999,1.5,2.52,0.0,1.0
dish_1559062082,531.32,23.5,0.651,1.45,3.82,0.0,0.999
dish_1559149615,223.27,7.0,0.744,2.08,3.8,0.0,0.993
dish_1559149650,186.1,8.0,0.825,1.52,3.51,0.0,0.987
dish_1559149688,225.34,11.3,0.862,1.59,3.85,0.0,0.983
dish_1559149719,772.57,20.5,0.482,2.51,6.45,0.0,0.999
dish_1559157454,262.19,8.7,0.659,1.7,3.62,0.0,0.942
dish_1559157777,274.03,11.5,0.732,1.91,4.12,0.0,0.968
dish_1559157919,357.94,18.6,0.759,1.57,4.45,0.0,0.987
dish_1559158263,368.98,12.2,0.609,1.81,5.75,0.0,0.973
dish_1559158354,364.69,7.4,0.806,3.09,5.6,0.0,0.999
dish_1559158425,398.53,12.7,0.704,2.61,4.93,0.0,0.988
dish_1559232986,169.84,11.3,0.881,0.93,2.38,0.0,1.0
dish_1559233055,279.26,14.5,0.585,1.43,3.37,0.0,0.98
dish_1559233102,316.19,12.6,0.765,1.51,4.09,0.0,0.955
dish_1559233144,420.49,24.6,0.592,1.27,4.12,0.0,0.983
dish_1559233445,117.95,2.3,0.985,2.44,3.34,0.0,0.989
dish_1559233570,75.85,4.0,0.97,1.28,2.55,0.0,0.99
dish_1559233627,78.09,2.9,0.94,1.55,2.68,0.0,0.997
dish_1559233715,143.19,6.8,0.925,1.49,2.63,0.0,0.998
dish_1559233756,544.14,15.3,0.53,2.3,4.05,0.0,0.995
dish_1559235639,226.84,7.8,0.938,1.93,3.54,0.0,0.999
dish_1559235690,341.04,10.0,0.928,2.05,4.3,0.0,1.0
dish_1559235771,299.5,8.1,0.964,3.04,4.22,0.0,0.998
dish_1559235815,777.2,25.5,0.621,1.92,4.48,0.0,0.976
dish_1559238435,388.56,5.1,0.941,6.19,7.45,0.0,1.0
dish_1559238481,316.54,3.8,0.935,5.85,7.24,0.0,0.998
dish_1559238566,206.83,8.9,0.96,1.52,2.68,0.0,0.995
dish_1559238608,1067.46,16.9,0.575,4.4,10.31,0.0,0.996
dish_1559238993,250.95,8.1,0.914,1.75,3.36,0.0,0.994
dish_1559239151,367.96,12.6,0.639,2.54,5.37,0.0,0.972
dish_1559239256,321.87,3.8,0.93,5.95,7.37,0.0,0.97
dish_1559239369,801.75,24.0,0.673,2.34,6.29,0.0,0.99
dish_1559239753,220.03,7.2,0.987,2.06,4.43,0.0,0.998
dish_1559239912,300.94,3.8,0.928,6.23,7.58,0.0,0.997
dish_1559240089,914.35,15.5,0.628,4.03,8.44,0.0,0.99
dish_1559240256,275.32,7.3,0.929,2.65,3.94,0.0,0.999
dish_1559240382,152.63,5.1,0.831,1.63,3.65,0.0,0.993
dish_1559240441,133.17,4.5,0.98,1.95,2.81,0.0,0.999
dish_1559240510,1030.7,24.2,0.57,2.49,5.51,0.0,0.998
dish_1559240875,375.22,4.2,0.945,7.07,8.92,0.0,0.997
dish_1559240908,257.54,3.8,0.933,5.54,6.96,0.0,0.999
dish_1559240987,204.82,8.2,0.809,1.64,3.22,0.0,0.997
dish_1559241099,1078.81,14.8,0.579,5.14,9.71,0.0,0.814
dish_1559242066,272.66,6.4,0.891,2.38,4.3,0.0,0.991
dish_1559242155,394.38,4.2,0.919,7.99,9.94,0.0,0.995
dish_1559242221,380.95,12.9,0.745,1.96,4.4,0.0,0.996
dish_1559242568,398.12,4.3,0.921,7.58,9.19,0.0,0.991
dish_1559243139,178.88,7.1,0.716,1.3,3.07,0.0,0.969
dish_1559243704,341.87,4.2,0.933,7.05,9.11,0.0,0.98
dish_1559243887,144.3,7.2,0.836,1.31,2.48,0.0,0.976
dish_1559243974,556.85,20.3,0.849,2.06,8.17,0.0,0.999
dish_1559244305,123.12,7.1,0.872,1.05,2.36,0.0,1.0
dish_1559244417,478.83,16.0,0.668,2.39,5.8,0.0,0.992
dish_1559244546,694.32,14.0,0.837,3.88,7.05,0.0,1.0
dish_1559244598,170.03,4.2,0.802,2.59,4.23,0.0,1.0
dish_1559244649,1400.87,39.3,0.524,2.59,7.4,0.0,0.929
dish_1559245589,258.64,7.9,0.645,1.82,4.38,0.0,0.994
dish_1559245654,358.82,4.6,0.739,6.87,8.87,0.0,0.967
dish_1559245697,1021.57,24.0,0.659,2.76,10.06,0.0,0.978
dish_1559245801,382.87,8.4,0.666,2.39,5.38,0.0,0.988
dish_1559245848,395.46,3.9,0.665,7.06,8.9,0.0,0.986
dish_1559245920,216.88,7.5,0.773,1.85,4.03,0.0,0.999
dish_1559246053,2104.1,24.7,0.366,4.96,12.79,0.0,0.981
dish_1559319826,171.28,6.7,0.867,1.43,2.81,0.0,1.0
dish_1559319860,57.42,4.3,0.824,0.7,3.17,0.0,1.0
dish_1559319971,273.58,8.9,0.919,1.83,3.46,0.0,0.997
dish_1559320019,434.78,19.6,0.376,1.02,3.43,0.0,0.983
dish_1559332418,643.38,14.6,0.591,3.57,6.2,0.0,0.988
dish_1559332487,225.41,8.1,0.747,1.61,3.73,0.0,0.989
dish_1559332795,438.75,12.7,0.719,2.15,4.89,0.0,0.982
dish_1559332822,948.43,32.1,0.746,2.38,5.31,0.0,0.988
dish_1559578551,409.73,6.2,0.596,3.53,5.23,0.0,0.948
dish_1559578579,372.71,11.0,0.578,2.01,4.17,0.0,0.979
dish_1559578599,703.62,16.2,0.552,2.38,5.4,0.0,1.0
dish_1559581236,463.24,24.4,0.69,1.6,4.13,0.0,0.973
dish_1559581333,577.31,29.9,0.842,1.55,3.76,0.0,0.984
dish_1559581356,843.79,36.0,0.608,1.97,4.57,0.0,0.982
dish_1559581378,560.28,35.6,0.466,1.17,4.91,0.0,0.985
dish_1559585533,265.32,4.7,0.948,2.87,4.6,0.0,0.996
dish_1559589873,87.85,4.7,0.947,1.41,2.87,0.0,0.968
dish_1559589902,82.29,7.5,0.934,1.06,2.07,0.0,0.999
dish_1559589942,323.65,19.5,0.9,1.36,2.89,0.0,1.0
dish_1559590005,955.41,32.7,0.572,3.07,5.87,0.0,0.992
dish_1559590031,309.69,34.0,0.393,0.99,4.51,0.0,0.948
dish_1559590130,253.26,16.5,0.657,1.16,3.21,0.0,0.976
dish_1559590157,412.21,26.3,0.595,1.21,4.54,0.0,0.972
dish_1559590202,546.32,33.0,0.635,1.2,4.25,0.0,0.978
dish_1559593646,225.99,12.5,0.939,1.33,3.13,0.0,0.997
dish_1559593722,442.7,23.7,0.991,1.33,3.16,0.0,0.991
dish_1559593746,627.39,28.2,0.949,1.82,4.52,0.0,0.999
dish_1559593794,812.23,36.4,0.625,2.01,5.88,0.0,0.99
dish_1559667948,358.8,7.8,0.93,3.23,4.31,0.0,0.996
dish_1559667973,666.01,15.1,0.527,2.54,4.7,0.0,0.955
dish_1559667994,507.92,18.9,0.684,1.49,3.0,0.0,0.999
dish_1559668016,588.97,22.8,0.861,1.45,3.68,0.0,0.999
dish_1559668238,144.52,12.0,0.87,0.78,1.89,0.0,0.968
dish_1559668272,503.0,23.0,0.789,1.51,3.19,0.0,0.989
dish_1559668314,1160.38,34.2,0.699,2.14,5.68,0.0,0.976
dish_1559674074,193.26,5.6,0.898,2.09,3.73,0.0,0.992
dish_1559674689,291.03,10.5,0.888,1.8,3.55,0.0,0.999
dish_1559674781,495.78,11.8,0.566,2.4,4.3,0.0,0.998
dish_1559674866,753.53,21.9,0.602,2.13,5.52,0.0,0.984
dish_1559675101,100.13,2.3,0.97,2.4,3.72,0.0,0.981
dish_1559675146,224.03,8.9,0.854,1.42,4.48,0.0,0.998
dish_1559675178,481.36,11.2,0.702,1.91,4.15,0.0,0.991
dish_1559675234,514.57,13.7,0.53,1.56,4.86,0.0,0.989
dish_1559675268,592.06,17.0,0.501,1.4,4.63,0.0,1.0
dish_1559678083,1371.4,23.1,0.704,5.48,9.29,0.0,1.0
dish_1559678104,1298.23,27.8,0.647,4.49,9.01,0.0,1.0
dish_1559678127,1825.04,31.1,0.676,5.02,9.85,0.0,0.999
dish_1559678146,2090.19,35.5,0.632,4.77,8.8,0.0,0.989
dish_1559678330,464.76,15.1,0.715,2.7,5.78,0.0,0.997
dish_1559678367,727.01,21.0,0.742,3.35,7.3,0.0,0.988
dish_1559678405,1186.31,28.4,0.606,3.12,8.16,0.0,0.987
dish_1559678457,1100.15,36.4,0.578,2.17,7.37,0.0,0.985
dish_1559678629,477.87,6.3,0.831,3.49,6.58,0.0,0.961
dish_1559678651,837.42,14.3,0.624,3.21,7.1,0.0,0.991
dish_1559700851,449.69,16.6,0.815,2.18,5.76,0.0,0.999
dish_1559751458,498.61,7.0,0.564,3.32,5.62,0.0,0.929
dish_1559751552,989.83,16.6,0.348,2.19,5.64,0.0,0.994
dish_1559751710,507.4,5.7,0.435,2.44,5.36,0.0,1.0
dish_1559751744,716.5,12.6,0.594,2.17,4.92,0.0,0.984
dish_1559751775,1348.23,17.3,0.483,2.61,6.91,0.0,0.984
dish_1559751801,1453.83,21.5,0.488,2.52,8.06,0.0,0.995
dish_1559838214,39.91,2.8,0.793,0.58,1.53,0.0,0.553
dish_1559838279,499.3,11.1,0.441,1.73,4.5,0.0,0.949
dish_1559838402,1302.26,17.8,0.279,2.89,7.47,0.0,0.962
dish_1559841023,175.93,2.6,0.747,4.01,5.98,0.0,0.983
dish_1559841061,422.43,6.3,0.526,2.73,4.62,0.0,0.993
dish_1559841091,747.29,11.7,0.519,2.57,4.68,0.0,0.996
dish_1559841127,1102.83,18.3,0.522,2.71,7.35,0.0,0.99
dish_1559841163,1247.67,24.0,0.345,2.06,6.79,0.0,1.0
dish_1559841571,11.89,3.9,0.934,0.17,0.93,0.0,0.856
dish_1559841781,314.53,6.6,0.496,1.55,6.12,0.0,0.949
dish_1559841808,1172.01,8.7,0.543,3.39,7.12,0.0,0.988
dish_1559841870,547.53,4.5,0.681,7.65,9.64,0.0,0.623
dish_1559841891,1521.66,9.7,0.396,6.78,14.16,0.0,0.929
dish_1559841908,1894.23,13.4,0.411,5.59,14.04,0.0,1.0
dish_1559841950,375.66,4.4,0.649,3.02,5.07,0.0,0.951
dish_1559841979,771.36,6.6,0.609,3.54,5.88,0.0,0.969
dish_1559842047,1679.4,10.6,0.409,6.33,12.87,0.0,0.98
dish_1559842274,265.96,7.2,0.748,1.27,3.05,0.0,0.957
